episode,utilization,invalid_learned,invalid_attempted,boxes_attempted,placed_boxes,max_height,avg_height
1,0.764,81,0,100,19,10.0,7.64
2,0.877,72,0,100,28,10.0,8.77
3,0.914,73,0,100,27,10.0,9.14
4,0.855,75,0,100,25,10.0,8.55
5,0.787,77,0,100,23,10.0,7.87
6,0.68,80,0,100,20,10.0,6.8
7,0.801,72,0,100,28,10.0,8.01
8,0.819,78,0,100,22,10.0,8.19
9,0.802,77,0,100,23,10.0,8.02
10,0.922,75,0,100,25,10.0,9.22
11,0.826,78,0,100,22,10.0,8.26
12,0.78,78,0,100,22,10.0,7.8
13,0.728,76,0,100,24,10.0,7.28
14,0.713,80,0,100,20,10.0,7.13
15,0.787,82,0,100,18,10.0,7.87
16,0.729,78,0,100,22,10.0,7.29
17,0.816,82,0,100,18,10.0,8.16
18,0.907,74,0,100,26,10.0,9.07
19,0.785,78,0,100,22,10.0,7.85
20,0.827,80,0,100,20,10.0,8.27
21,0.86,74,0,100,26,10.0,8.6
22,0.809,74,0,100,26,10.0,8.09
23,0.834,73,0,100,27,10.0,8.34
24,0.859,75,0,100,25,10.0,8.59
25,0.785,82,0,100,18,10.0,7.85
26,0.8,79,0,100,21,10.0,8.0
27,0.81,76,0,100,24,10.0,8.1
28,0.817,75,0,100,25,10.0,8.17
29,0.745,79,0,100,21,10.0,7.45
30,0.812,77,0,100,23,10.0,8.12
31,0.815,71,0,100,29,10.0,8.15
32,0.858,72,0,100,28,10.0,8.58
33,0.822,71,0,100,29,10.0,8.22
34,0.722,82,0,100,18,10.0,7.22
35,0.898,69,0,100,31,10.0,8.98
36,0.844,71,0,100,29,10.0,8.44
37,0.767,74,0,100,26,10.0,7.67
38,0.814,74,0,100,26,10.0,8.14
39,0.844,74,0,100,26,10.0,8.44
40,0.834,73,0,100,27,10.0,8.34
41,0.775,81,0,100,19,10.0,7.75
42,0.746,75,0,100,25,10.0,7.46
43,0.801,76,0,100,24,10.0,8.01
44,0.814,77,0,100,23,10.0,8.14
45,0.827,75,0,100,25,10.0,8.27
46,0.836,77,0,100,23,10.0,8.36
47,0.838,77,0,100,23,10.0,8.38
48,0.749,75,0,100,25,10.0,7.49
49,0.852,74,0,100,26,10.0,8.52
50,0.73,75,0,100,25,10.0,7.3
51,0.747,82,0,100,18,10.0,7.47
52,0.789,79,0,100,21,10.0,7.89
53,0.855,74,0,100,26,10.0,8.55
54,0.831,71,0,100,29,10.0,8.31
55,0.751,76,0,100,24,10.0,7.51
56,0.779,76,0,100,24,10.0,7.79
57,0.706,79,0,100,21,10.0,7.06
58,0.84,73,0,100,27,10.0,8.4
59,0.772,82,0,100,18,10.0,7.72
60,0.76,79,0,100,21,10.0,7.6
61,0.736,77,0,100,23,10.0,7.36
62,0.864,75,0,100,25,10.0,8.64
63,0.781,77,0,100,23,10.0,7.81
64,0.66,78,0,100,22,10.0,6.6
65,0.784,77,0,100,23,10.0,7.84
66,0.777,80,0,100,20,10.0,7.77
67,0.804,75,0,100,25,10.0,8.04
68,0.815,75,0,100,25,10.0,8.15
69,0.87,72,0,100,28,10.0,8.7
70,0.807,71,0,100,29,10.0,8.07
71,0.806,79,0,100,21,10.0,8.06
72,0.849,74,0,100,26,10.0,8.49
73,0.804,79,0,100,21,10.0,8.04
74,0.744,76,0,100,24,10.0,7.44
75,0.852,76,0,100,24,10.0,8.52
76,0.654,80,0,100,20,10.0,6.54
77,0.833,73,0,100,27,10.0,8.33
78,0.826,76,0,100,24,10.0,8.26
79,0.802,80,0,100,20,10.0,8.02
80,0.814,75,0,100,25,10.0,8.14
81,0.852,76,0,100,24,10.0,8.52
82,0.86,75,0,100,25,10.0,8.6
83,0.818,78,0,100,22,10.0,8.18
84,0.788,73,0,100,27,10.0,7.88
85,0.786,78,0,100,22,10.0,7.86
86,0.778,82,0,100,18,10.0,7.78
87,0.815,74,0,100,26,10.0,8.15
88,0.815,74,0,100,26,10.0,8.15
89,0.907,71,0,100,29,10.0,9.07
90,0.796,77,0,100,23,10.0,7.96
91,0.816,74,0,100,26,10.0,8.16
92,0.792,77,0,100,23,10.0,7.92
93,0.731,78,0,100,22,10.0,7.31
94,0.794,79,0,100,21,10.0,7.94
95,0.72,76,0,100,24,10.0,7.2
96,0.671,76,0,100,24,10.0,6.71
97,0.825,77,0,100,23,10.0,8.25
98,0.792,74,0,100,26,10.0,7.92
99,0.758,76,0,100,24,10.0,7.58
100,0.822,75,0,100,25,10.0,8.22
101,0.793,73,0,100,27,10.0,7.93
102,0.811,80,0,100,20,10.0,8.11
103,0.83,78,0,100,22,10.0,8.3
104,0.845,80,0,100,20,10.0,8.45
105,0.793,74,0,100,26,10.0,7.93
106,0.844,72,0,100,28,10.0,8.44
107,0.827,70,0,100,30,10.0,8.27
108,0.851,74,0,100,26,10.0,8.51
109,0.733,76,0,100,24,10.0,7.33
110,0.774,81,0,100,19,10.0,7.74
111,0.846,76,0,100,24,10.0,8.46
112,0.803,73,0,100,27,10.0,8.03
113,0.847,77,0,100,23,10.0,8.47
114,0.818,74,0,100,26,10.0,8.18
115,0.807,73,0,100,27,10.0,8.07
116,0.89,77,0,100,23,10.0,8.9
117,0.676,78,0,100,22,10.0,6.76
118,0.86,73,0,100,27,10.0,8.6
119,0.7,80,0,100,20,10.0,7.0
120,0.835,74,0,100,26,10.0,8.35
121,0.8,76,0,100,24,10.0,8.0
122,0.787,79,0,100,21,10.0,7.87
123,0.842,76,0,100,24,10.0,8.42
124,0.821,78,0,100,22,10.0,8.21
125,0.833,81,0,100,19,10.0,8.33
126,0.853,76,0,100,24,10.0,8.53
127,0.825,73,0,100,27,10.0,8.25
128,0.839,76,0,100,24,10.0,8.39
129,0.795,73,0,100,27,10.0,7.95
130,0.835,68,0,100,32,10.0,8.35
131,0.839,74,0,100,26,10.0,8.39
132,0.806,75,0,100,25,10.0,8.06
133,0.817,71,0,100,29,10.0,8.17
134,0.748,74,0,100,26,10.0,7.48
135,0.713,83,0,100,17,10.0,7.13
136,0.834,73,0,100,27,10.0,8.34
137,0.741,83,0,100,17,10.0,7.41
138,0.66,85,0,100,15,10.0,6.6
139,0.77,81,0,100,19,10.0,7.7
140,0.826,75,0,100,25,10.0,8.26
141,0.722,87,0,100,13,10.0,7.22
142,0.829,70,0,100,30,10.0,8.29
143,0.797,75,0,100,25,10.0,7.97
144,0.75,75,0,100,25,10.0,7.5
145,0.847,71,0,100,29,10.0,8.47
146,0.817,76,0,100,24,10.0,8.17
147,0.739,78,0,100,22,10.0,7.39
148,0.833,77,0,100,23,10.0,8.33
149,0.889,72,0,100,28,10.0,8.89
150,0.837,71,0,100,29,10.0,8.37
151,0.89,78,0,100,22,10.0,8.9
152,0.727,75,0,100,25,10.0,7.27
153,0.822,78,0,100,22,10.0,8.22
154,0.848,79,0,100,21,10.0,8.48
155,0.804,79,0,100,21,10.0,8.04
156,0.778,74,0,100,26,10.0,7.78
157,0.747,76,0,100,24,10.0,7.47
158,0.864,72,0,100,28,10.0,8.64
159,0.816,74,0,100,26,10.0,8.16
160,0.832,74,0,100,26,10.0,8.32
161,0.863,73,0,100,27,10.0,8.63
162,0.825,76,0,100,24,10.0,8.25
163,0.723,79,0,100,21,10.0,7.23
164,0.739,80,0,100,20,10.0,7.39
165,0.802,78,0,100,22,10.0,8.02
166,0.766,78,0,100,22,10.0,7.66
167,0.825,77,0,100,23,10.0,8.25
168,0.722,77,0,100,23,10.0,7.22
169,0.77,78,0,100,22,10.0,7.7
170,0.832,76,0,100,24,10.0,8.32
171,0.813,76,0,100,24,10.0,8.13
172,0.764,75,0,100,25,10.0,7.64
173,0.86,73,0,100,27,10.0,8.6
174,0.911,74,0,100,26,10.0,9.11
175,0.806,78,0,100,22,10.0,8.06
176,0.803,79,0,100,21,10.0,8.03
177,0.77,78,0,100,22,10.0,7.7
178,0.827,71,0,100,29,10.0,8.27
179,0.766,83,0,100,17,10.0,7.66
180,0.783,79,0,100,21,10.0,7.83
181,0.778,76,0,100,24,10.0,7.78
182,0.7,78,0,100,22,10.0,7.0
183,0.775,84,0,100,16,10.0,7.75
184,0.827,70,0,100,30,10.0,8.27
185,0.711,79,0,100,21,10.0,7.11
186,0.763,74,0,100,26,10.0,7.63
187,0.738,76,0,100,24,10.0,7.38
188,0.78,76,0,100,24,10.0,7.8
189,0.875,71,0,100,29,10.0,8.75
190,0.835,76,0,100,24,10.0,8.35
191,0.791,73,0,100,27,10.0,7.91
192,0.81,79,0,100,21,10.0,8.1
193,0.777,79,0,100,21,10.0,7.77
194,0.718,80,0,100,20,10.0,7.18
195,0.844,74,0,100,26,10.0,8.44
196,0.815,76,0,100,24,10.0,8.15
197,0.795,81,0,100,19,10.0,7.95
198,0.83,79,0,100,21,10.0,8.3
199,0.862,68,0,100,32,10.0,8.62
200,0.829,69,0,100,31,10.0,8.29
201,0.815,78,0,100,22,10.0,8.15
202,0.82,79,0,100,21,10.0,8.2
203,0.879,72,0,100,28,10.0,8.79
204,0.725,82,0,100,18,10.0,7.25
205,0.681,81,0,100,19,10.0,6.81
206,0.832,78,0,100,22,10.0,8.32
207,0.822,73,0,100,27,10.0,8.22
208,0.842,75,0,100,25,10.0,8.42
209,0.829,74,0,100,26,10.0,8.29
210,0.75,77,0,100,23,10.0,7.5
211,0.827,76,0,100,24,10.0,8.27
212,0.786,73,0,100,27,10.0,7.86
213,0.892,74,0,100,26,10.0,8.92
214,0.794,78,0,100,22,10.0,7.94
215,0.799,74,0,100,26,10.0,7.99
216,0.802,82,0,100,18,10.0,8.02
217,0.897,75,0,100,25,10.0,8.97
218,0.8,76,0,100,24,10.0,8.0
219,0.799,75,0,100,25,10.0,7.99
220,0.883,80,0,100,20,10.0,8.83
221,0.791,75,0,100,25,10.0,7.91
222,0.767,77,0,100,23,10.0,7.67
223,0.87,79,0,100,21,10.0,8.7
224,0.833,79,0,100,21,10.0,8.33
225,0.798,77,0,100,23,10.0,7.98
226,0.783,76,0,100,24,10.0,7.83
227,0.858,76,0,100,24,10.0,8.58
228,0.666,78,0,100,22,10.0,6.66
229,0.761,75,0,100,25,10.0,7.61
230,0.859,81,0,100,19,10.0,8.59
231,0.782,79,0,100,21,10.0,7.82
232,0.82,76,0,100,24,10.0,8.2
233,0.863,73,0,100,27,10.0,8.63
234,0.771,77,0,100,23,10.0,7.71
235,0.853,74,0,100,26,10.0,8.53
236,0.867,76,0,100,24,10.0,8.67
237,0.638,79,0,100,21,10.0,6.38
238,0.802,78,0,100,22,10.0,8.02
239,0.791,77,0,100,23,10.0,7.91
240,0.745,76,0,100,24,10.0,7.45
241,0.836,78,0,100,22,10.0,8.36
242,0.838,77,0,100,23,10.0,8.38
243,0.744,75,0,100,25,10.0,7.44
244,0.7,79,0,100,21,10.0,7.0
245,0.828,78,0,100,22,10.0,8.28
246,0.752,74,0,100,26,10.0,7.52
247,0.884,70,0,100,30,10.0,8.84
248,0.795,80,0,100,20,10.0,7.95
249,0.659,78,0,100,22,10.0,6.59
250,0.743,79,0,100,21,10.0,7.43
251,0.822,71,0,100,29,10.0,8.22
252,0.78,71,0,100,29,10.0,7.8
253,0.77,80,0,100,20,10.0,7.7
254,0.744,78,0,100,22,10.0,7.44
255,0.719,74,0,100,26,10.0,7.19
256,0.895,73,0,100,27,10.0,8.95
257,0.734,72,0,100,28,10.0,7.34
258,0.793,73,0,100,27,10.0,7.93
259,0.813,78,0,100,22,10.0,8.13
260,0.893,68,0,100,32,10.0,8.93
261,0.732,79,0,100,21,10.0,7.32
262,0.816,78,0,100,22,10.0,8.16
263,0.832,69,0,100,31,10.0,8.32
264,0.755,77,0,100,23,10.0,7.55
265,0.761,78,0,100,22,10.0,7.61
266,0.752,78,0,100,22,10.0,7.52
267,0.849,74,0,100,26,10.0,8.49
268,0.792,79,0,100,21,10.0,7.92
269,0.833,75,0,100,25,10.0,8.33
270,0.854,72,0,100,28,10.0,8.54
271,0.816,82,0,100,18,10.0,8.16
272,0.885,75,0,100,25,10.0,8.85
273,0.704,82,0,100,18,10.0,7.04
274,0.815,74,0,100,26,10.0,8.15
275,0.764,80,0,100,20,10.0,7.64
276,0.703,81,0,100,19,10.0,7.03
277,0.903,73,0,100,27,10.0,9.03
278,0.74,77,0,100,23,10.0,7.4
279,0.844,76,0,100,24,10.0,8.44
280,0.89,73,0,100,27,10.0,8.9
281,0.819,71,0,100,29,10.0,8.19
282,0.741,74,0,100,26,10.0,7.41
283,0.691,78,0,100,22,10.0,6.91
284,0.716,80,0,100,20,10.0,7.16
285,0.822,75,0,100,25,10.0,8.22
286,0.8,78,0,100,22,10.0,8.0
287,0.863,79,0,100,21,10.0,8.63
288,0.799,72,0,100,28,10.0,7.99
289,0.733,85,0,100,15,10.0,7.33
290,0.857,77,0,100,23,10.0,8.57
291,0.779,76,0,100,24,10.0,7.79
292,0.795,78,0,100,22,10.0,7.95
293,0.843,70,0,100,30,10.0,8.43
294,0.784,72,0,100,28,10.0,7.84
295,0.829,74,0,100,26,10.0,8.29
296,0.894,70,0,100,30,10.0,8.94
297,0.864,73,0,100,27,10.0,8.64
298,0.699,80,0,100,20,10.0,6.99
299,0.897,80,0,100,20,10.0,8.97
300,0.758,76,0,100,24,10.0,7.58
301,0.735,79,0,100,21,10.0,7.35
302,0.748,78,0,100,22,10.0,7.48
303,0.795,74,0,100,26,10.0,7.95
304,0.764,76,0,100,24,10.0,7.64
305,0.89,74,0,100,26,10.0,8.9
306,0.838,75,0,100,25,10.0,8.38
307,0.779,82,0,100,18,10.0,7.79
308,0.81,72,0,100,28,10.0,8.1
309,0.729,74,0,100,26,10.0,7.29
310,0.804,77,0,100,23,10.0,8.04
311,0.808,76,0,100,24,10.0,8.08
312,0.79,81,0,100,19,10.0,7.9
313,0.804,73,0,100,27,10.0,8.04
314,0.756,77,0,100,23,10.0,7.56
315,0.703,76,0,100,24,10.0,7.03
316,0.847,73,0,100,27,10.0,8.47
317,0.887,75,0,100,25,10.0,8.87
318,0.755,78,0,100,22,10.0,7.55
319,0.742,75,0,100,25,10.0,7.42
320,0.86,74,0,100,26,10.0,8.6
321,0.846,79,0,100,21,10.0,8.46
322,0.766,78,0,100,22,10.0,7.66
323,0.834,75,0,100,25,10.0,8.34
324,0.838,75,0,100,25,10.0,8.38
325,0.788,79,0,100,21,10.0,7.88
326,0.755,80,0,100,20,10.0,7.55
327,0.792,79,0,100,21,10.0,7.92
328,0.814,78,0,100,22,10.0,8.14
329,0.768,72,0,100,28,10.0,7.68
330,0.759,78,0,100,22,10.0,7.59
331,0.838,73,0,100,27,10.0,8.38
332,0.837,73,0,100,27,10.0,8.37
333,0.746,75,0,100,25,10.0,7.46
334,0.851,76,0,100,24,10.0,8.51
335,0.837,75,0,100,25,10.0,8.37
336,0.764,81,0,100,19,10.0,7.64
337,0.781,73,0,100,27,10.0,7.81
338,0.724,78,0,100,22,10.0,7.24
339,0.745,77,0,100,23,10.0,7.45
340,0.855,70,0,100,30,10.0,8.55
341,0.782,74,0,100,26,10.0,7.82
342,0.821,75,0,100,25,10.0,8.21
343,0.805,75,0,100,25,10.0,8.05
344,0.829,76,0,100,24,10.0,8.29
345,0.835,73,0,100,27,10.0,8.35
346,0.814,76,0,100,24,10.0,8.14
347,0.783,74,0,100,26,10.0,7.83
348,0.852,74,0,100,26,10.0,8.52
349,0.826,70,0,100,30,10.0,8.26
350,0.838,75,0,100,25,10.0,8.38
351,0.817,72,0,100,28,10.0,8.17
352,0.772,82,0,100,18,10.0,7.72
353,0.822,71,0,100,29,10.0,8.22
354,0.778,73,0,100,27,10.0,7.78
355,0.842,77,0,100,23,10.0,8.42
356,0.845,72,0,100,28,10.0,8.45
357,0.819,74,0,100,26,10.0,8.19
358,0.771,83,0,100,17,10.0,7.71
359,0.765,78,0,100,22,10.0,7.65
360,0.765,78,0,100,22,10.0,7.65
361,0.863,73,0,100,27,10.0,8.63
362,0.767,79,0,100,21,10.0,7.67
363,0.752,75,0,100,25,10.0,7.52
364,0.771,76,0,100,24,10.0,7.71
365,0.833,76,0,100,24,10.0,8.33
366,0.884,74,0,100,26,10.0,8.84
367,0.806,76,0,100,24,10.0,8.06
368,0.822,67,0,100,33,10.0,8.22
369,0.713,83,0,100,17,10.0,7.13
370,0.817,73,0,100,27,10.0,8.17
371,0.859,76,0,100,24,10.0,8.59
372,0.824,74,0,100,26,10.0,8.24
373,0.881,70,0,100,30,10.0,8.81
374,0.756,77,0,100,23,10.0,7.56
375,0.717,81,0,100,19,10.0,7.17
376,0.78,79,0,100,21,10.0,7.8
377,0.707,74,0,100,26,10.0,7.07
378,0.736,76,0,100,24,10.0,7.36
379,0.829,72,0,100,28,10.0,8.29
380,0.836,80,0,100,20,10.0,8.36
381,0.834,75,0,100,25,10.0,8.34
382,0.836,81,0,100,19,10.0,8.36
383,0.836,74,0,100,26,10.0,8.36
384,0.694,83,0,100,17,10.0,6.94
385,0.85,82,0,100,18,10.0,8.5
386,0.782,75,0,100,25,10.0,7.82
387,0.882,75,0,100,25,10.0,8.82
388,0.809,76,0,100,24,10.0,8.09
389,0.798,75,0,100,25,10.0,7.98
390,0.812,70,0,100,30,10.0,8.12
391,0.802,72,0,100,28,10.0,8.02
392,0.867,74,0,100,26,10.0,8.67
393,0.868,78,0,100,22,10.0,8.68
394,0.752,79,0,100,21,10.0,7.52
395,0.801,76,0,100,24,10.0,8.01
396,0.771,76,0,100,24,10.0,7.71
397,0.718,77,0,100,23,10.0,7.18
398,0.772,75,0,100,25,10.0,7.72
399,0.827,75,0,100,25,10.0,8.27
400,0.881,77,0,100,23,10.0,8.81
401,0.741,79,0,100,21,10.0,7.41
402,0.79,78,0,100,22,10.0,7.9
403,0.776,73,0,100,27,10.0,7.76
404,0.871,72,0,100,28,10.0,8.71
405,0.809,77,0,100,23,10.0,8.09
406,0.799,76,0,100,24,10.0,7.99
407,0.71,75,0,100,25,10.0,7.1
408,0.877,74,0,100,26,10.0,8.77
409,0.739,77,0,100,23,10.0,7.39
410,0.791,78,0,100,22,10.0,7.91
411,0.758,77,0,100,23,10.0,7.58
412,0.851,75,0,100,25,10.0,8.51
413,0.825,75,0,100,25,10.0,8.25
414,0.802,73,0,100,27,10.0,8.02
415,0.73,78,0,100,22,10.0,7.3
416,0.825,75,0,100,25,10.0,8.25
417,0.857,75,0,100,25,10.0,8.57
418,0.813,71,0,100,29,10.0,8.13
419,0.805,74,0,100,26,10.0,8.05
420,0.739,74,0,100,26,10.0,7.39
421,0.759,81,0,100,19,10.0,7.59
422,0.799,79,0,100,21,10.0,7.99
423,0.835,78,0,100,22,10.0,8.35
424,0.715,77,0,100,23,10.0,7.15
425,0.78,79,0,100,21,10.0,7.8
426,0.818,76,0,100,24,10.0,8.18
427,0.794,74,0,100,26,10.0,7.94
428,0.65,82,0,100,18,10.0,6.5
429,0.812,76,0,100,24,10.0,8.12
430,0.78,80,0,100,20,10.0,7.8
431,0.732,85,0,100,15,10.0,7.32
432,0.797,75,0,100,25,10.0,7.97
433,0.831,77,0,100,23,10.0,8.31
434,0.754,79,0,100,21,10.0,7.54
435,0.88,68,0,100,32,10.0,8.8
436,0.865,78,0,100,22,10.0,8.65
437,0.764,79,0,100,21,10.0,7.64
438,0.835,78,0,100,22,10.0,8.35
439,0.843,75,0,100,25,10.0,8.43
440,0.837,73,0,100,27,10.0,8.37
441,0.753,77,0,100,23,10.0,7.53
442,0.825,76,0,100,24,10.0,8.25
443,0.817,81,0,100,19,10.0,8.17
444,0.769,79,0,100,21,10.0,7.69
445,0.762,77,0,100,23,10.0,7.62
446,0.766,78,0,100,22,10.0,7.66
447,0.825,78,0,100,22,10.0,8.25
448,0.842,76,0,100,24,10.0,8.42
449,0.768,79,0,100,21,10.0,7.68
450,0.793,75,0,100,25,10.0,7.93
451,0.785,75,0,100,25,10.0,7.85
452,0.719,79,0,100,21,10.0,7.19
453,0.779,81,0,100,19,10.0,7.79
454,0.823,74,0,100,26,10.0,8.23
455,0.828,71,0,100,29,10.0,8.28
456,0.863,80,0,100,20,10.0,8.63
457,0.817,77,0,100,23,10.0,8.17
458,0.759,77,0,100,23,10.0,7.59
459,0.744,81,0,100,19,10.0,7.44
460,0.835,77,0,100,23,10.0,8.35
461,0.785,78,0,100,22,10.0,7.85
462,0.816,77,0,100,23,10.0,8.16
463,0.863,72,0,100,28,10.0,8.63
464,0.788,73,0,100,27,10.0,7.88
465,0.721,77,0,100,23,10.0,7.21
466,0.871,73,0,100,27,10.0,8.71
467,0.738,79,0,100,21,10.0,7.38
468,0.793,79,0,100,21,10.0,7.93
469,0.86,73,0,100,27,10.0,8.6
470,0.672,79,0,100,21,10.0,6.72
471,0.849,80,0,100,20,10.0,8.49
472,0.855,71,0,100,29,10.0,8.55
473,0.82,77,0,100,23,10.0,8.2
474,0.829,79,0,100,21,10.0,8.29
475,0.798,76,0,100,24,10.0,7.98
476,0.822,78,0,100,22,10.0,8.22
477,0.926,72,0,100,28,10.0,9.26
478,0.781,81,0,100,19,10.0,7.81
479,0.803,78,0,100,22,10.0,8.03
480,0.798,78,0,100,22,10.0,7.98
481,0.736,77,0,100,23,10.0,7.36
482,0.897,71,0,100,29,10.0,8.97
483,0.816,76,0,100,24,10.0,8.16
484,0.871,76,0,100,24,10.0,8.71
485,0.776,73,0,100,27,10.0,7.76
486,0.778,75,0,100,25,10.0,7.78
487,0.873,81,0,100,19,10.0,8.73
488,0.813,78,0,100,22,10.0,8.13
489,0.88,77,0,100,23,10.0,8.8
490,0.753,76,0,100,24,10.0,7.53
491,0.784,77,0,100,23,10.0,7.84
492,0.89,79,0,100,21,10.0,8.9
493,0.75,79,0,100,21,10.0,7.5
494,0.812,74,0,100,26,10.0,8.12
495,0.718,79,0,100,21,10.0,7.18
496,0.776,80,0,100,20,10.0,7.76
497,0.869,77,0,100,23,10.0,8.69
498,0.905,75,0,100,25,10.0,9.05
499,0.777,78,0,100,22,10.0,7.77
500,0.771,73,0,100,27,10.0,7.71
501,0.824,78,0,100,22,10.0,8.24
502,0.832,84,0,100,16,10.0,8.32
503,0.739,76,0,100,24,10.0,7.39
504,0.813,82,0,100,18,10.0,8.13
505,0.794,77,0,100,23,10.0,7.94
506,0.742,76,0,100,24,10.0,7.42
507,0.831,78,0,100,22,10.0,8.31
508,0.887,74,0,100,26,10.0,8.87
509,0.801,72,0,100,28,10.0,8.01
510,0.829,70,0,100,30,10.0,8.29
511,0.789,73,0,100,27,10.0,7.89
512,0.824,76,0,100,24,10.0,8.24
513,0.95,74,0,100,26,10.0,9.5
514,0.786,78,0,100,22,10.0,7.86
515,0.816,78,0,100,22,10.0,8.16
516,0.842,75,0,100,25,10.0,8.42
517,0.871,81,0,100,19,10.0,8.71
518,0.763,77,0,100,23,10.0,7.63
519,0.765,74,0,100,26,10.0,7.65
520,0.759,77,0,100,23,10.0,7.59
521,0.892,74,0,100,26,10.0,8.92
522,0.858,74,0,100,26,10.0,8.58
523,0.745,79,0,100,21,10.0,7.45
524,0.816,77,0,100,23,10.0,8.16
525,0.813,72,0,100,28,10.0,8.13
526,0.882,75,0,100,25,10.0,8.82
527,0.749,80,0,100,20,10.0,7.49
528,0.808,76,0,100,24,10.0,8.08
529,0.71,82,0,100,18,10.0,7.1
530,0.773,80,0,100,20,10.0,7.73
531,0.918,75,0,100,25,10.0,9.18
532,0.773,79,0,100,21,10.0,7.73
533,0.849,73,0,100,27,10.0,8.49
534,0.802,78,0,100,22,10.0,8.02
535,0.712,75,0,100,25,10.0,7.12
536,0.869,79,0,100,21,10.0,8.69
537,0.829,77,0,100,23,10.0,8.29
538,0.697,74,0,100,26,10.0,6.97
539,0.872,75,0,100,25,10.0,8.72
540,0.816,76,0,100,24,10.0,8.16
541,0.794,79,0,100,21,10.0,7.94
542,0.815,74,0,100,26,10.0,8.15
543,0.814,79,0,100,21,10.0,8.14
544,0.837,76,0,100,24,10.0,8.37
545,0.901,76,0,100,24,10.0,9.01
546,0.814,76,0,100,24,10.0,8.14
547,0.717,79,0,100,21,10.0,7.17
548,0.855,75,0,100,25,10.0,8.55
549,0.797,76,0,100,24,10.0,7.97
550,0.787,71,0,100,29,10.0,7.87
551,0.778,77,0,100,23,10.0,7.78
552,0.863,72,0,100,28,10.0,8.63
553,0.777,72,0,100,28,10.0,7.77
554,0.868,76,0,100,24,10.0,8.68
555,0.851,72,0,100,28,10.0,8.51
556,0.737,79,0,100,21,10.0,7.37
557,0.78,74,0,100,26,10.0,7.8
558,0.825,73,0,100,27,10.0,8.25
559,0.835,78,0,100,22,10.0,8.35
560,0.86,78,0,100,22,10.0,8.6
561,0.687,78,0,100,22,10.0,6.87
562,0.856,75,0,100,25,10.0,8.56
563,0.777,77,0,100,23,10.0,7.77
564,0.786,77,0,100,23,10.0,7.86
565,0.807,78,0,100,22,10.0,8.07
566,0.798,80,0,100,20,10.0,7.98
567,0.756,77,0,100,23,10.0,7.56
568,0.672,78,0,100,22,10.0,6.72
569,0.833,77,0,100,23,10.0,8.33
570,0.833,73,0,100,27,10.0,8.33
571,0.857,77,0,100,23,10.0,8.57
572,0.821,83,0,100,17,10.0,8.21
573,0.768,78,0,100,22,10.0,7.68
574,0.822,80,0,100,20,10.0,8.22
575,0.689,83,0,100,17,10.0,6.89
576,0.766,75,0,100,25,10.0,7.66
577,0.847,78,0,100,22,10.0,8.47
578,0.76,77,0,100,23,10.0,7.6
579,0.796,74,0,100,26,10.0,7.96
580,0.812,75,0,100,25,10.0,8.12
581,0.843,70,0,100,30,10.0,8.43
582,0.845,72,0,100,28,10.0,8.45
583,0.732,80,0,100,20,10.0,7.32
584,0.806,79,0,100,21,10.0,8.06
585,0.866,73,0,100,27,10.0,8.66
586,0.671,74,0,100,26,10.0,6.71
587,0.813,70,0,100,30,10.0,8.13
588,0.864,77,0,100,23,10.0,8.64
589,0.886,75,0,100,25,10.0,8.86
590,0.667,79,0,100,21,10.0,6.67
591,0.801,75,0,100,25,10.0,8.01
592,0.826,74,0,100,26,10.0,8.26
593,0.791,75,0,100,25,10.0,7.91
594,0.785,76,0,100,24,10.0,7.85
595,0.781,77,0,100,23,10.0,7.81
596,0.823,77,0,100,23,10.0,8.23
597,0.694,79,0,100,21,10.0,6.94
598,0.722,77,0,100,23,10.0,7.22
599,0.706,77,0,100,23,10.0,7.06
600,0.778,74,0,100,26,10.0,7.78
601,0.706,82,0,100,18,10.0,7.06
602,0.801,74,0,100,26,10.0,8.01
603,0.794,76,0,100,24,10.0,7.94
604,0.84,76,0,100,24,10.0,8.4
605,0.754,80,0,100,20,10.0,7.54
606,0.821,75,0,100,25,10.0,8.21
607,0.837,75,0,100,25,10.0,8.37
608,0.837,74,0,100,26,10.0,8.37
609,0.74,83,0,100,17,10.0,7.4
610,0.807,72,0,100,28,10.0,8.07
611,0.8,75,0,100,25,10.0,8.0
612,0.767,75,0,100,25,10.0,7.67
613,0.812,74,0,100,26,10.0,8.12
614,0.764,78,0,100,22,10.0,7.64
615,0.839,78,0,100,22,10.0,8.39
616,0.798,75,0,100,25,10.0,7.98
617,0.843,71,0,100,29,10.0,8.43
618,0.821,74,0,100,26,10.0,8.21
619,0.87,73,0,100,27,10.0,8.7
620,0.826,80,0,100,20,10.0,8.26
621,0.849,73,0,100,27,10.0,8.49
622,0.779,78,0,100,22,10.0,7.79
623,0.835,75,0,100,25,10.0,8.35
624,0.754,75,0,100,25,10.0,7.54
625,0.842,77,0,100,23,10.0,8.42
626,0.846,73,0,100,27,10.0,8.46
627,0.83,77,0,100,23,10.0,8.3
628,0.8,76,0,100,24,10.0,8.0
629,0.864,74,0,100,26,10.0,8.64
630,0.865,75,0,100,25,10.0,8.65
631,0.815,81,0,100,19,10.0,8.15
632,0.804,77,0,100,23,10.0,8.04
633,0.836,74,0,100,26,10.0,8.36
634,0.777,81,0,100,19,10.0,7.77
635,0.792,77,0,100,23,10.0,7.92
636,0.873,74,0,100,26,10.0,8.73
637,0.82,72,0,100,28,10.0,8.2
638,0.89,78,0,100,22,10.0,8.9
639,0.827,71,0,100,29,10.0,8.27
640,0.778,76,0,100,24,10.0,7.78
641,0.781,75,0,100,25,10.0,7.81
642,0.796,79,0,100,21,10.0,7.96
643,0.809,75,0,100,25,10.0,8.09
644,0.847,74,0,100,26,10.0,8.47
645,0.793,75,0,100,25,10.0,7.93
646,0.823,73,0,100,27,10.0,8.23
647,0.78,83,0,100,17,10.0,7.8
648,0.834,76,0,100,24,10.0,8.34
649,0.819,71,0,100,29,10.0,8.19
650,0.785,81,0,100,19,10.0,7.85
651,0.727,78,0,100,22,10.0,7.27
652,0.751,76,0,100,24,10.0,7.51
653,0.714,81,0,100,19,10.0,7.14
654,0.9,72,0,100,28,10.0,9.0
655,0.86,77,0,100,23,10.0,8.6
656,0.841,71,0,100,29,10.0,8.41
657,0.777,81,0,100,19,10.0,7.77
658,0.849,80,0,100,20,10.0,8.49
659,0.81,76,0,100,24,10.0,8.1
660,0.822,72,0,100,28,10.0,8.22
661,0.817,78,0,100,22,10.0,8.17
662,0.893,77,0,100,23,10.0,8.93
663,0.825,78,0,100,22,10.0,8.25
664,0.868,73,0,100,27,10.0,8.68
665,0.689,84,0,100,16,10.0,6.89
666,0.784,82,0,100,18,10.0,7.84
667,0.863,77,0,100,23,10.0,8.63
668,0.74,77,0,100,23,10.0,7.4
669,0.77,76,0,100,24,10.0,7.7
670,0.787,72,0,100,28,10.0,7.87
671,0.789,73,0,100,27,10.0,7.89
672,0.755,79,0,100,21,10.0,7.55
673,0.882,77,0,100,23,10.0,8.82
674,0.78,70,0,100,30,10.0,7.8
675,0.863,78,0,100,22,10.0,8.63
676,0.724,83,0,100,17,10.0,7.24
677,0.91,76,0,100,24,10.0,9.1
678,0.745,84,0,100,16,10.0,7.45
679,0.746,81,0,100,19,10.0,7.46
680,0.846,76,0,100,24,10.0,8.46
681,0.786,74,0,100,26,10.0,7.86
682,0.868,69,0,100,31,10.0,8.68
683,0.801,76,0,100,24,10.0,8.01
684,0.769,76,0,100,24,10.0,7.69
685,0.834,76,0,100,24,10.0,8.34
686,0.812,78,0,100,22,10.0,8.12
687,0.73,78,0,100,22,10.0,7.3
688,0.769,73,0,100,27,10.0,7.69
689,0.807,80,0,100,20,10.0,8.07
690,0.833,79,0,100,21,10.0,8.33
691,0.766,76,0,100,24,10.0,7.66
692,0.845,73,0,100,27,10.0,8.45
693,0.86,75,0,100,25,10.0,8.6
694,0.724,75,0,100,25,10.0,7.24
695,0.796,78,0,100,22,10.0,7.96
696,0.767,80,0,100,20,10.0,7.67
697,0.76,82,0,100,18,10.0,7.6
698,0.829,77,0,100,23,10.0,8.29
699,0.728,74,0,100,26,10.0,7.28
700,0.688,78,0,100,22,10.0,6.88
701,0.756,75,0,100,25,10.0,7.56
702,0.768,74,0,100,26,10.0,7.68
703,0.85,75,0,100,25,10.0,8.5
704,0.777,72,0,100,28,10.0,7.77
705,0.833,75,0,100,25,10.0,8.33
706,0.809,73,0,100,27,10.0,8.09
707,0.856,73,0,100,27,10.0,8.56
708,0.904,71,0,100,29,10.0,9.04
709,0.742,81,0,100,19,10.0,7.42
710,0.878,70,0,100,30,10.0,8.78
711,0.799,76,0,100,24,10.0,7.99
712,0.875,75,0,100,25,10.0,8.75
713,0.825,77,0,100,23,10.0,8.25
714,0.782,79,0,100,21,10.0,7.82
715,0.798,74,0,100,26,10.0,7.98
716,0.768,71,0,100,29,10.0,7.68
717,0.855,80,0,100,20,10.0,8.55
718,0.756,74,0,100,26,10.0,7.56
719,0.816,79,0,100,21,10.0,8.16
720,0.78,76,0,100,24,10.0,7.8
721,0.774,79,0,100,21,10.0,7.74
722,0.843,77,0,100,23,10.0,8.43
723,0.828,71,0,100,29,10.0,8.28
724,0.813,79,0,100,21,10.0,8.13
725,0.769,77,0,100,23,10.0,7.69
726,0.759,77,0,100,23,10.0,7.59
727,0.868,68,0,100,32,10.0,8.68
728,0.84,75,0,100,25,10.0,8.4
729,0.793,76,0,100,24,10.0,7.93
730,0.831,75,0,100,25,10.0,8.31
731,0.815,74,0,100,26,10.0,8.15
732,0.873,72,0,100,28,10.0,8.73
733,0.681,79,0,100,21,10.0,6.81
734,0.836,77,0,100,23,10.0,8.36
735,0.852,72,0,100,28,10.0,8.52
736,0.815,76,0,100,24,10.0,8.15
737,0.847,74,0,100,26,10.0,8.47
738,0.844,77,0,100,23,10.0,8.44
739,0.818,78,0,100,22,10.0,8.18
740,0.677,76,0,100,24,10.0,6.77
741,0.79,75,0,100,25,10.0,7.9
742,0.814,76,0,100,24,10.0,8.14
743,0.957,78,0,100,22,10.0,9.57
744,0.789,76,0,100,24,10.0,7.89
745,0.809,76,0,100,24,10.0,8.09
746,0.833,74,0,100,26,10.0,8.33
747,0.859,79,0,100,21,10.0,8.59
748,0.734,82,0,100,18,10.0,7.34
749,0.741,77,0,100,23,10.0,7.41
750,0.746,78,0,100,22,10.0,7.46
751,0.822,70,0,100,30,10.0,8.22
752,0.812,79,0,100,21,10.0,8.12
753,0.72,78,0,100,22,10.0,7.2
754,0.803,79,0,100,21,10.0,8.03
755,0.728,76,0,100,24,10.0,7.28
756,0.767,78,0,100,22,10.0,7.67
757,0.776,74,0,100,26,10.0,7.76
758,0.841,73,0,100,27,10.0,8.41
759,0.691,79,0,100,21,10.0,6.91
760,0.779,73,0,100,27,10.0,7.79
761,0.835,72,0,100,28,10.0,8.35
762,0.905,75,0,100,25,10.0,9.05
763,0.746,78,0,100,22,10.0,7.46
764,0.741,80,0,100,20,10.0,7.41
765,0.786,72,0,100,28,10.0,7.86
766,0.788,74,0,100,26,10.0,7.88
767,0.818,78,0,100,22,10.0,8.18
768,0.823,76,0,100,24,10.0,8.23
769,0.814,78,0,100,22,10.0,8.14
770,0.742,74,0,100,26,10.0,7.42
771,0.82,73,0,100,27,10.0,8.2
772,0.776,80,0,100,20,10.0,7.76
773,0.85,76,0,100,24,10.0,8.5
774,0.807,77,0,100,23,10.0,8.07
775,0.875,76,0,100,24,10.0,8.75
776,0.759,78,0,100,22,10.0,7.59
777,0.744,81,0,100,19,10.0,7.44
778,0.834,77,0,100,23,10.0,8.34
779,0.812,73,0,100,27,10.0,8.12
780,0.893,74,0,100,26,10.0,8.93
781,0.909,69,0,100,31,10.0,9.09
782,0.889,78,0,100,22,10.0,8.89
783,0.705,76,0,100,24,10.0,7.05
784,0.874,71,0,100,29,10.0,8.74
785,0.783,75,0,100,25,10.0,7.83
786,0.875,73,0,100,27,10.0,8.75
787,0.814,76,0,100,24,10.0,8.14
788,0.795,78,0,100,22,10.0,7.95
789,0.781,78,0,100,22,10.0,7.81
790,0.823,75,0,100,25,10.0,8.23
791,0.735,79,0,100,21,10.0,7.35
792,0.858,80,0,100,20,10.0,8.58
793,0.858,72,0,100,28,10.0,8.58
794,0.777,74,0,100,26,10.0,7.77
795,0.819,79,0,100,21,10.0,8.19
796,0.784,82,0,100,18,10.0,7.84
797,0.769,77,0,100,23,10.0,7.69
798,0.854,74,0,100,26,10.0,8.54
799,0.769,73,0,100,27,10.0,7.69
800,0.778,80,0,100,20,10.0,7.78
801,0.695,81,0,100,19,10.0,6.95
802,0.864,73,0,100,27,10.0,8.64
803,0.896,76,0,100,24,10.0,8.96
804,0.857,76,0,100,24,10.0,8.57
805,0.699,82,0,100,18,10.0,6.99
806,0.831,74,0,100,26,10.0,8.31
807,0.763,76,0,100,24,10.0,7.63
808,0.863,78,0,100,22,10.0,8.63
809,0.727,75,0,100,25,10.0,7.27
810,0.829,76,0,100,24,10.0,8.29
811,0.887,79,0,100,21,10.0,8.87
812,0.831,73,0,100,27,10.0,8.31
813,0.83,73,0,100,27,10.0,8.3
814,0.827,72,0,100,28,10.0,8.27
815,0.81,76,0,100,24,10.0,8.1
816,0.771,76,0,100,24,10.0,7.71
817,0.793,78,0,100,22,10.0,7.93
818,0.839,70,0,100,30,10.0,8.39
819,0.739,77,0,100,23,10.0,7.39
820,0.754,79,0,100,21,10.0,7.54
821,0.809,73,0,100,27,10.0,8.09
822,0.744,81,0,100,19,10.0,7.44
823,0.905,72,0,100,28,10.0,9.05
824,0.782,76,0,100,24,10.0,7.82
825,0.845,81,0,100,19,10.0,8.45
826,0.776,73,0,100,27,10.0,7.76
827,0.768,78,0,100,22,10.0,7.68
828,0.825,79,0,100,21,10.0,8.25
829,0.809,78,0,100,22,10.0,8.09
830,0.786,78,0,100,22,10.0,7.86
831,0.736,79,0,100,21,10.0,7.36
832,0.727,79,0,100,21,10.0,7.27
833,0.701,79,0,100,21,10.0,7.01
834,0.866,70,0,100,30,10.0,8.66
835,0.86,78,0,100,22,10.0,8.6
836,0.783,79,0,100,21,10.0,7.83
837,0.69,76,0,100,24,10.0,6.9
838,0.85,75,0,100,25,10.0,8.5
839,0.835,76,0,100,24,10.0,8.35
840,0.768,75,0,100,25,10.0,7.68
841,0.76,78,0,100,22,10.0,7.6
842,0.853,73,0,100,27,10.0,8.53
843,0.842,75,0,100,25,10.0,8.42
844,0.723,80,0,100,20,10.0,7.23
845,0.846,77,0,100,23,10.0,8.46
846,0.803,72,0,100,28,10.0,8.03
847,0.788,77,0,100,23,10.0,7.88
848,0.753,76,0,100,24,10.0,7.53
849,0.854,74,0,100,26,10.0,8.54
850,0.838,73,0,100,27,10.0,8.38
851,0.732,76,0,100,24,10.0,7.32
852,0.804,72,0,100,28,10.0,8.04
853,0.824,80,0,100,20,10.0,8.24
854,0.785,77,0,100,23,10.0,7.85
855,0.889,67,0,100,33,10.0,8.89
856,0.816,80,0,100,20,10.0,8.16
857,0.735,75,0,100,25,10.0,7.35
858,0.821,75,0,100,25,10.0,8.21
859,0.769,76,0,100,24,10.0,7.69
860,0.801,81,0,100,19,10.0,8.01
861,0.799,74,0,100,26,10.0,7.99
862,0.848,75,0,100,25,10.0,8.48
863,0.818,74,0,100,26,10.0,8.18
864,0.843,73,0,100,27,10.0,8.43
865,0.788,77,0,100,23,10.0,7.88
866,0.835,71,0,100,29,10.0,8.35
867,0.869,74,0,100,26,10.0,8.69
868,0.88,78,0,100,22,10.0,8.8
869,0.789,82,0,100,18,10.0,7.89
870,0.782,79,0,100,21,10.0,7.82
871,0.825,73,0,100,27,10.0,8.25
872,0.697,77,0,100,23,10.0,6.97
873,0.786,76,0,100,24,10.0,7.86
874,0.727,82,0,100,18,10.0,7.27
875,0.844,75,0,100,25,10.0,8.44
876,0.756,80,0,100,20,10.0,7.56
877,0.844,76,0,100,24,10.0,8.44
878,0.798,82,0,100,18,10.0,7.98
879,0.835,73,0,100,27,10.0,8.35
880,0.779,75,0,100,25,10.0,7.79
881,0.76,80,0,100,20,10.0,7.6
882,0.796,79,0,100,21,10.0,7.96
883,0.798,74,0,100,26,10.0,7.98
884,0.865,72,0,100,28,10.0,8.65
885,0.878,76,0,100,24,10.0,8.78
886,0.83,76,0,100,24,10.0,8.3
887,0.791,84,0,100,16,10.0,7.91
888,0.702,83,0,100,17,10.0,7.02
889,0.763,75,0,100,25,10.0,7.63
890,0.794,79,0,100,21,10.0,7.94
891,0.887,73,0,100,27,10.0,8.87
892,0.761,81,0,100,19,10.0,7.61
893,0.815,74,0,100,26,10.0,8.15
894,0.844,79,0,100,21,10.0,8.44
895,0.723,77,0,100,23,10.0,7.23
896,0.743,78,0,100,22,10.0,7.43
897,0.857,72,0,100,28,10.0,8.57
898,0.703,79,0,100,21,10.0,7.03
899,0.771,83,0,100,17,10.0,7.71
900,0.786,78,0,100,22,10.0,7.86
901,0.936,75,0,100,25,10.0,9.36
902,0.742,77,0,100,23,10.0,7.42
903,0.767,79,0,100,21,10.0,7.67
904,0.782,75,0,100,25,10.0,7.82
905,0.883,75,0,100,25,10.0,8.83
906,0.772,76,0,100,24,10.0,7.72
907,0.772,82,0,100,18,10.0,7.72
908,0.808,75,0,100,25,10.0,8.08
909,0.731,83,0,100,17,10.0,7.31
910,0.885,74,0,100,26,10.0,8.85
911,0.783,78,0,100,22,10.0,7.83
912,0.815,81,0,100,19,10.0,8.15
913,0.803,76,0,100,24,10.0,8.03
914,0.815,74,0,100,26,10.0,8.15
915,0.792,79,0,100,21,10.0,7.92
916,0.805,84,0,100,16,10.0,8.05
917,0.801,78,0,100,22,10.0,8.01
918,0.919,76,0,100,24,10.0,9.19
919,0.806,75,0,100,25,10.0,8.06
920,0.748,75,0,100,25,10.0,7.48
921,0.797,75,0,100,25,10.0,7.97
922,0.8,77,0,100,23,10.0,8.0
923,0.827,80,0,100,20,10.0,8.27
924,0.795,82,0,100,18,10.0,7.95
925,0.768,74,0,100,26,10.0,7.68
926,0.742,78,0,100,22,10.0,7.42
927,0.783,78,0,100,22,10.0,7.83
928,0.807,75,0,100,25,10.0,8.07
929,0.796,77,0,100,23,10.0,7.96
930,0.754,77,0,100,23,10.0,7.54
931,0.733,78,0,100,22,10.0,7.33
932,0.845,83,0,100,17,10.0,8.45
933,0.704,74,0,100,26,10.0,7.04
934,0.764,75,0,100,25,10.0,7.64
935,0.81,77,0,100,23,10.0,8.1
936,0.808,78,0,100,22,10.0,8.08
937,0.72,80,0,100,20,10.0,7.2
938,0.792,74,0,100,26,10.0,7.92
939,0.848,68,0,100,32,10.0,8.48
940,0.827,74,0,100,26,10.0,8.27
941,0.852,76,0,100,24,10.0,8.52
942,0.871,77,0,100,23,10.0,8.71
943,0.74,77,0,100,23,10.0,7.4
944,0.806,81,0,100,19,10.0,8.06
945,0.864,79,0,100,21,10.0,8.64
946,0.787,74,0,100,26,10.0,7.87
947,0.752,77,0,100,23,10.0,7.52
948,0.751,75,0,100,25,10.0,7.51
949,0.768,81,0,100,19,10.0,7.68
950,0.885,74,0,100,26,10.0,8.85
951,0.806,79,0,100,21,10.0,8.06
952,0.834,78,0,100,22,10.0,8.34
953,0.87,71,0,100,29,10.0,8.7
954,0.759,74,0,100,26,10.0,7.59
955,0.778,76,0,100,24,10.0,7.78
956,0.865,73,0,100,27,10.0,8.65
957,0.751,76,0,100,24,10.0,7.51
958,0.706,79,0,100,21,10.0,7.06
959,0.833,70,0,100,30,10.0,8.33
960,0.764,80,0,100,20,10.0,7.64
961,0.76,81,0,100,19,10.0,7.6
962,0.752,79,0,100,21,10.0,7.52
963,0.793,81,0,100,19,10.0,7.93
964,0.835,76,0,100,24,10.0,8.35
965,0.733,83,0,100,17,10.0,7.33
966,0.888,75,0,100,25,10.0,8.88
967,0.838,74,0,100,26,10.0,8.38
968,0.741,77,0,100,23,10.0,7.41
969,0.796,81,0,100,19,10.0,7.96
970,0.797,83,0,100,17,10.0,7.97
971,0.7,83,0,100,17,10.0,7.0
972,0.719,78,0,100,22,10.0,7.19
973,0.821,76,0,100,24,10.0,8.21
974,0.769,74,0,100,26,10.0,7.69
975,0.818,78,0,100,22,10.0,8.18
976,0.884,71,0,100,29,10.0,8.84
977,0.757,79,0,100,21,10.0,7.57
978,0.75,79,0,100,21,10.0,7.5
979,0.772,78,0,100,22,10.0,7.72
980,0.8,75,0,100,25,10.0,8.0
981,0.778,73,0,100,27,10.0,7.78
982,0.914,76,0,100,24,10.0,9.14
983,0.815,76,0,100,24,10.0,8.15
984,0.843,77,0,100,23,10.0,8.43
985,0.784,75,0,100,25,10.0,7.84
986,0.79,76,0,100,24,10.0,7.9
987,0.855,74,0,100,26,10.0,8.55
988,0.809,77,0,100,23,10.0,8.09
989,0.797,76,0,100,24,10.0,7.97
990,0.766,73,0,100,27,10.0,7.66
991,0.83,72,0,100,28,10.0,8.3
992,0.85,74,0,100,26,10.0,8.5
993,0.706,83,0,100,17,10.0,7.06
994,0.886,74,0,100,26,10.0,8.86
995,0.771,72,0,100,28,10.0,7.71
996,0.782,79,0,100,21,10.0,7.82
997,0.793,79,0,100,21,10.0,7.93
998,0.793,80,0,100,20,10.0,7.93
999,0.728,74,0,100,26,10.0,7.28
1000,0.837,80,0,100,20,10.0,8.37
1001,0.786,80,0,100,20,10.0,7.86
1002,0.802,75,0,100,25,10.0,8.02
1003,0.868,77,0,100,23,10.0,8.68
1004,0.869,73,0,100,27,10.0,8.69
1005,0.812,81,0,100,19,10.0,8.12
1006,0.905,75,0,100,25,10.0,9.05
1007,0.685,78,0,100,22,10.0,6.85
1008,0.844,74,0,100,26,10.0,8.44
1009,0.788,75,0,100,25,10.0,7.88
1010,0.678,81,0,100,19,10.0,6.78
1011,0.814,74,0,100,26,10.0,8.14
1012,0.686,80,0,100,20,10.0,6.86
1013,0.826,76,0,100,24,10.0,8.26
1014,0.763,75,0,100,25,10.0,7.63
1015,0.798,77,0,100,23,10.0,7.98
1016,0.797,81,0,100,19,10.0,7.97
1017,0.838,76,0,100,24,10.0,8.38
1018,0.808,78,0,100,22,10.0,8.08
1019,0.842,75,0,100,25,10.0,8.42
1020,0.76,78,0,100,22,10.0,7.6
1021,0.777,74,0,100,26,10.0,7.77
1022,0.868,72,0,100,28,10.0,8.68
1023,0.75,81,0,100,19,10.0,7.5
1024,0.863,70,0,100,30,10.0,8.63
1025,0.84,76,0,100,24,10.0,8.4
1026,0.673,81,0,100,19,10.0,6.73
1027,0.805,77,0,100,23,10.0,8.05
1028,0.707,72,0,100,28,10.0,7.07
1029,0.822,79,0,100,21,10.0,8.22
1030,0.89,77,0,100,23,10.0,8.9
1031,0.832,75,0,100,25,10.0,8.32
1032,0.746,75,0,100,25,10.0,7.46
1033,0.78,74,0,100,26,10.0,7.8
1034,0.743,80,0,100,20,10.0,7.43
1035,0.829,79,0,100,21,10.0,8.29
1036,0.653,80,0,100,20,10.0,6.53
1037,0.782,83,0,100,17,10.0,7.82
1038,0.759,76,0,100,24,10.0,7.59
1039,0.707,81,0,100,19,10.0,7.07
1040,0.751,82,0,100,18,10.0,7.51
1041,0.839,76,0,100,24,10.0,8.39
1042,0.741,79,0,100,21,10.0,7.41
1043,0.853,76,0,100,24,10.0,8.53
1044,0.848,77,0,100,23,10.0,8.48
1045,0.765,82,0,100,18,10.0,7.65
1046,0.795,80,0,100,20,10.0,7.95
1047,0.888,74,0,100,26,10.0,8.88
1048,0.824,77,0,100,23,10.0,8.24
1049,0.756,80,0,100,20,10.0,7.56
1050,0.753,80,0,100,20,10.0,7.53
1051,0.817,80,0,100,20,10.0,8.17
1052,0.881,74,0,100,26,10.0,8.81
1053,0.78,70,0,100,30,10.0,7.8
1054,0.825,78,0,100,22,10.0,8.25
1055,0.867,83,0,100,17,10.0,8.67
1056,0.79,77,0,100,23,10.0,7.9
1057,0.824,78,0,100,22,10.0,8.24
1058,0.776,77,0,100,23,10.0,7.76
1059,0.742,81,0,100,19,10.0,7.42
1060,0.823,76,0,100,24,10.0,8.23
1061,0.776,76,0,100,24,10.0,7.76
1062,0.742,80,0,100,20,10.0,7.42
1063,0.832,78,0,100,22,10.0,8.32
1064,0.763,80,0,100,20,10.0,7.63
1065,0.821,73,0,100,27,10.0,8.21
1066,0.821,74,0,100,26,10.0,8.21
1067,0.677,87,0,100,13,10.0,6.77
1068,0.859,79,0,100,21,10.0,8.59
1069,0.811,76,0,100,24,10.0,8.11
1070,0.772,75,0,100,25,10.0,7.72
1071,0.841,75,0,100,25,10.0,8.41
1072,0.748,77,0,100,23,10.0,7.48
1073,0.814,83,0,100,17,10.0,8.14
1074,0.811,80,0,100,20,10.0,8.11
1075,0.807,80,0,100,20,10.0,8.07
1076,0.859,80,0,100,20,10.0,8.59
1077,0.859,74,0,100,26,10.0,8.59
1078,0.73,75,0,100,25,10.0,7.3
1079,0.761,80,0,100,20,10.0,7.61
1080,0.794,73,0,100,27,10.0,7.94
1081,0.796,77,0,100,23,10.0,7.96
1082,0.755,79,0,100,21,10.0,7.55
1083,0.852,80,0,100,20,10.0,8.52
1084,0.673,77,0,100,23,10.0,6.73
1085,0.797,80,0,100,20,10.0,7.97
1086,0.723,79,0,100,21,10.0,7.23
1087,0.73,79,0,100,21,10.0,7.3
1088,0.801,85,0,100,15,10.0,8.01
1089,0.856,73,0,100,27,10.0,8.56
1090,0.774,81,0,100,19,10.0,7.74
1091,0.74,75,0,100,25,10.0,7.4
1092,0.806,75,0,100,25,10.0,8.06
1093,0.774,71,0,100,29,10.0,7.74
1094,0.788,81,0,100,19,10.0,7.88
1095,0.846,75,0,100,25,10.0,8.46
1096,0.8,81,0,100,19,10.0,8.0
1097,0.871,66,0,100,34,10.0,8.71
1098,0.832,76,0,100,24,10.0,8.32
1099,0.743,81,0,100,19,10.0,7.43
1100,0.824,77,0,100,23,10.0,8.24
1101,0.809,80,0,100,20,10.0,8.09
1102,0.802,82,0,100,18,10.0,8.02
1103,0.824,77,0,100,23,10.0,8.24
1104,0.822,79,0,100,21,10.0,8.22
1105,0.767,74,0,100,26,10.0,7.67
1106,0.816,76,0,100,24,10.0,8.16
1107,0.809,77,0,100,23,10.0,8.09
1108,0.843,81,0,100,19,10.0,8.43
1109,0.766,82,0,100,18,10.0,7.66
1110,0.818,81,0,100,19,10.0,8.18
1111,0.886,75,0,100,25,10.0,8.86
1112,0.824,75,0,100,25,10.0,8.24
1113,0.826,79,0,100,21,10.0,8.26
1114,0.795,74,0,100,26,10.0,7.95
1115,0.726,73,0,100,27,10.0,7.26
1116,0.777,81,0,100,19,10.0,7.77
1117,0.778,75,0,100,25,10.0,7.78
1118,0.853,79,0,100,21,10.0,8.53
1119,0.827,76,0,100,24,10.0,8.27
1120,0.857,71,0,100,29,10.0,8.57
1121,0.782,76,0,100,24,10.0,7.82
1122,0.845,76,0,100,24,10.0,8.45
1123,0.769,79,0,100,21,10.0,7.69
1124,0.801,76,0,100,24,10.0,8.01
1125,0.834,75,0,100,25,10.0,8.34
1126,0.74,79,0,100,21,10.0,7.4
1127,0.726,82,0,100,18,10.0,7.26
1128,0.697,79,0,100,21,10.0,6.97
1129,0.837,78,0,100,22,10.0,8.37
1130,0.791,80,0,100,20,10.0,7.91
1131,0.882,81,0,100,19,10.0,8.82
1132,0.828,77,0,100,23,10.0,8.28
1133,0.785,73,0,100,27,10.0,7.85
1134,0.797,73,0,100,27,10.0,7.97
1135,0.822,72,0,100,28,10.0,8.22
1136,0.812,73,0,100,27,10.0,8.12
1137,0.786,79,0,100,21,10.0,7.86
1138,0.732,82,0,100,18,10.0,7.32
1139,0.773,80,0,100,20,10.0,7.73
1140,0.797,74,0,100,26,10.0,7.97
1141,0.886,71,0,100,29,10.0,8.86
1142,0.767,80,0,100,20,10.0,7.67
1143,0.735,79,0,100,21,10.0,7.35
1144,0.748,81,0,100,19,10.0,7.48
1145,0.742,80,0,100,20,10.0,7.42
1146,0.704,81,0,100,19,10.0,7.04
1147,0.706,74,0,100,26,10.0,7.06
1148,0.785,77,0,100,23,10.0,7.85
1149,0.898,76,0,100,24,10.0,8.98
1150,0.703,79,0,100,21,10.0,7.03
1151,0.799,73,0,100,27,10.0,7.99
1152,0.795,83,0,100,17,10.0,7.95
1153,0.855,80,0,100,20,10.0,8.55
1154,0.851,75,0,100,25,10.0,8.51
1155,0.745,77,0,100,23,10.0,7.45
1156,0.784,76,0,100,24,10.0,7.84
1157,0.812,72,0,100,28,10.0,8.12
1158,0.86,73,0,100,27,10.0,8.6
1159,0.851,79,0,100,21,10.0,8.51
1160,0.813,75,0,100,25,10.0,8.13
1161,0.87,73,0,100,27,10.0,8.7
1162,0.702,75,0,100,25,10.0,7.02
1163,0.854,71,0,100,29,10.0,8.54
1164,0.801,79,0,100,21,10.0,8.01
1165,0.768,78,0,100,22,10.0,7.68
1166,0.784,72,0,100,28,10.0,7.84
1167,0.772,80,0,100,20,10.0,7.72
1168,0.867,75,0,100,25,10.0,8.67
1169,0.815,76,0,100,24,10.0,8.15
1170,0.796,78,0,100,22,10.0,7.96
1171,0.83,70,0,100,30,10.0,8.3
1172,0.83,77,0,100,23,10.0,8.3
1173,0.881,72,0,100,28,10.0,8.81
1174,0.748,77,0,100,23,10.0,7.48
1175,0.803,74,0,100,26,10.0,8.03
1176,0.755,80,0,100,20,10.0,7.55
1177,0.774,81,0,100,19,10.0,7.74
1178,0.756,74,0,100,26,10.0,7.56
1179,0.763,77,0,100,23,10.0,7.63
1180,0.838,74,0,100,26,10.0,8.38
1181,0.785,78,0,100,22,10.0,7.85
1182,0.794,70,0,100,30,10.0,7.94
1183,0.786,75,0,100,25,10.0,7.86
1184,0.736,79,0,100,21,10.0,7.36
1185,0.804,76,0,100,24,10.0,8.04
1186,0.833,78,0,100,22,10.0,8.33
1187,0.763,80,0,100,20,10.0,7.63
1188,0.727,78,0,100,22,10.0,7.27
1189,0.778,75,0,100,25,10.0,7.78
1190,0.668,74,0,100,26,10.0,6.68
1191,0.799,82,0,100,18,10.0,7.99
1192,0.829,78,0,100,22,10.0,8.29
1193,0.87,73,0,100,27,10.0,8.7
1194,0.795,84,0,100,16,10.0,7.95
1195,0.832,74,0,100,26,10.0,8.32
1196,0.73,77,0,100,23,10.0,7.3
1197,0.731,75,0,100,25,10.0,7.31
1198,0.711,77,0,100,23,10.0,7.11
1199,0.758,78,0,100,22,10.0,7.58
1200,0.857,77,0,100,23,10.0,8.57
1201,0.807,79,0,100,21,10.0,8.07
1202,0.784,75,0,100,25,10.0,7.84
1203,0.817,78,0,100,22,10.0,8.17
1204,0.843,82,0,100,18,10.0,8.43
1205,0.822,76,0,100,24,10.0,8.22
1206,0.856,73,0,100,27,10.0,8.56
1207,0.866,78,0,100,22,10.0,8.66
1208,0.804,73,0,100,27,10.0,8.04
1209,0.905,69,0,100,31,10.0,9.05
1210,0.835,75,0,100,25,10.0,8.35
1211,0.761,76,0,100,24,10.0,7.61
1212,0.758,81,0,100,19,10.0,7.58
1213,0.797,72,0,100,28,10.0,7.97
1214,0.814,72,0,100,28,10.0,8.14
1215,0.88,76,0,100,24,10.0,8.8
1216,0.858,72,0,100,28,10.0,8.58
1217,0.838,80,0,100,20,10.0,8.38
1218,0.781,77,0,100,23,10.0,7.81
1219,0.73,78,0,100,22,10.0,7.3
1220,0.755,78,0,100,22,10.0,7.55
1221,0.857,70,0,100,30,10.0,8.57
1222,0.855,78,0,100,22,10.0,8.55
1223,0.878,74,0,100,26,10.0,8.78
1224,0.755,81,0,100,19,10.0,7.55
1225,0.714,78,0,100,22,10.0,7.14
1226,0.809,74,0,100,26,10.0,8.09
1227,0.784,74,0,100,26,10.0,7.84
1228,0.9,74,0,100,26,10.0,9.0
1229,0.829,75,0,100,25,10.0,8.29
1230,0.807,75,0,100,25,10.0,8.07
1231,0.812,72,0,100,28,10.0,8.12
1232,0.846,72,0,100,28,10.0,8.46
1233,0.775,78,0,100,22,10.0,7.75
1234,0.747,80,0,100,20,10.0,7.47
1235,0.699,83,0,100,17,10.0,6.99
1236,0.808,74,0,100,26,10.0,8.08
1237,0.744,81,0,100,19,10.0,7.44
1238,0.765,76,0,100,24,10.0,7.65
1239,0.835,68,0,100,32,10.0,8.35
1240,0.7,82,0,100,18,10.0,7.0
1241,0.795,80,0,100,20,10.0,7.95
1242,0.766,71,0,100,29,10.0,7.66
1243,0.841,75,0,100,25,10.0,8.41
1244,0.754,77,0,100,23,10.0,7.54
1245,0.775,78,0,100,22,10.0,7.75
1246,0.786,75,0,100,25,10.0,7.86
1247,0.67,80,0,100,20,10.0,6.7
1248,0.826,80,0,100,20,10.0,8.26
1249,0.846,72,0,100,28,10.0,8.46
1250,0.865,71,0,100,29,10.0,8.65
1251,0.773,78,0,100,22,10.0,7.73
1252,0.845,73,0,100,27,10.0,8.45
1253,0.793,75,0,100,25,10.0,7.93
1254,0.705,77,0,100,23,10.0,7.05
1255,0.858,75,0,100,25,10.0,8.58
1256,0.778,75,0,100,25,10.0,7.78
1257,0.793,80,0,100,20,10.0,7.93
1258,0.846,75,0,100,25,10.0,8.46
1259,0.831,81,0,100,19,10.0,8.31
1260,0.86,77,0,100,23,10.0,8.6
1261,0.857,71,0,100,29,10.0,8.57
1262,0.802,77,0,100,23,10.0,8.02
1263,0.856,72,0,100,28,10.0,8.56
1264,0.749,79,0,100,21,10.0,7.49
1265,0.727,81,0,100,19,10.0,7.27
1266,0.724,71,0,100,29,10.0,7.24
1267,0.695,79,0,100,21,10.0,6.95
1268,0.741,84,0,100,16,10.0,7.41
1269,0.878,72,0,100,28,10.0,8.78
1270,0.725,78,0,100,22,10.0,7.25
1271,0.795,74,0,100,26,10.0,7.95
1272,0.72,80,0,100,20,10.0,7.2
1273,0.846,70,0,100,30,10.0,8.46
1274,0.843,70,0,100,30,10.0,8.43
1275,0.861,74,0,100,26,10.0,8.61
1276,0.746,74,0,100,26,10.0,7.46
1277,0.828,72,0,100,28,10.0,8.28
1278,0.82,78,0,100,22,10.0,8.2
1279,0.732,81,0,100,19,10.0,7.32
1280,0.767,78,0,100,22,10.0,7.67
1281,0.855,72,0,100,28,10.0,8.55
1282,0.777,83,0,100,17,10.0,7.77
1283,0.748,77,0,100,23,10.0,7.48
1284,0.808,76,0,100,24,10.0,8.08
1285,0.79,77,0,100,23,10.0,7.9
1286,0.872,75,0,100,25,10.0,8.72
1287,0.766,76,0,100,24,10.0,7.66
1288,0.778,77,0,100,23,10.0,7.78
1289,0.887,71,0,100,29,10.0,8.87
1290,0.865,77,0,100,23,10.0,8.65
1291,0.787,79,0,100,21,10.0,7.87
1292,0.853,75,0,100,25,10.0,8.53
1293,0.843,74,0,100,26,10.0,8.43
1294,0.829,76,0,100,24,10.0,8.29
1295,0.661,78,0,100,22,10.0,6.61
1296,0.838,78,0,100,22,10.0,8.38
1297,0.934,68,0,100,32,10.0,9.34
1298,0.781,75,0,100,25,10.0,7.81
1299,0.88,74,0,100,26,10.0,8.8
1300,0.862,78,0,100,22,10.0,8.62
1301,0.764,70,0,100,30,10.0,7.64
1302,0.773,75,0,100,25,10.0,7.73
1303,0.87,73,0,100,27,10.0,8.7
1304,0.8,74,0,100,26,10.0,8.0
1305,0.818,77,0,100,23,10.0,8.18
1306,0.831,72,0,100,28,10.0,8.31
1307,0.789,77,0,100,23,10.0,7.89
1308,0.841,77,0,100,23,10.0,8.41
1309,0.887,72,0,100,28,10.0,8.87
1310,0.751,76,0,100,24,10.0,7.51
1311,0.851,76,0,100,24,10.0,8.51
1312,0.825,80,0,100,20,10.0,8.25
1313,0.816,81,0,100,19,10.0,8.16
1314,0.778,78,0,100,22,10.0,7.78
1315,0.816,75,0,100,25,10.0,8.16
1316,0.708,78,0,100,22,10.0,7.08
1317,0.789,76,0,100,24,10.0,7.89
1318,0.778,80,0,100,20,10.0,7.78
1319,0.767,73,0,100,27,10.0,7.67
1320,0.881,73,0,100,27,10.0,8.81
1321,0.82,74,0,100,26,10.0,8.2
1322,0.743,71,0,100,29,10.0,7.43
1323,0.797,76,0,100,24,10.0,7.97
1324,0.77,78,0,100,22,10.0,7.7
1325,0.713,76,0,100,24,10.0,7.13
1326,0.898,74,0,100,26,10.0,8.98
1327,0.663,76,0,100,24,10.0,6.63
1328,0.827,75,0,100,25,10.0,8.27
1329,0.753,81,0,100,19,10.0,7.53
1330,0.79,78,0,100,22,10.0,7.9
1331,0.783,72,0,100,28,10.0,7.83
1332,0.761,77,0,100,23,10.0,7.61
1333,0.81,74,0,100,26,10.0,8.1
1334,0.728,80,0,100,20,10.0,7.28
1335,0.779,77,0,100,23,10.0,7.79
1336,0.764,78,0,100,22,10.0,7.64
1337,0.833,73,0,100,27,10.0,8.33
1338,0.865,72,0,100,28,10.0,8.65
1339,0.834,71,0,100,29,10.0,8.34
1340,0.824,71,0,100,29,10.0,8.24
1341,0.705,80,0,100,20,10.0,7.05
1342,0.811,75,0,100,25,10.0,8.11
1343,0.716,82,0,100,18,10.0,7.16
1344,0.773,76,0,100,24,10.0,7.73
1345,0.831,75,0,100,25,10.0,8.31
1346,0.805,72,0,100,28,10.0,8.05
1347,0.716,83,0,100,17,10.0,7.16
1348,0.811,77,0,100,23,10.0,8.11
1349,0.842,75,0,100,25,10.0,8.42
1350,0.776,79,0,100,21,10.0,7.76
1351,0.782,73,0,100,27,10.0,7.82
1352,0.77,82,0,100,18,10.0,7.7
1353,0.719,76,0,100,24,10.0,7.19
1354,0.791,80,0,100,20,10.0,7.91
1355,0.714,77,0,100,23,10.0,7.14
1356,0.806,73,0,100,27,10.0,8.06
1357,0.694,79,0,100,21,10.0,6.94
1358,0.755,79,0,100,21,10.0,7.55
1359,0.838,78,0,100,22,10.0,8.38
1360,0.811,74,0,100,26,10.0,8.11
1361,0.774,81,0,100,19,10.0,7.74
1362,0.825,72,0,100,28,10.0,8.25
1363,0.825,77,0,100,23,10.0,8.25
1364,0.752,77,0,100,23,10.0,7.52
1365,0.877,81,0,100,19,10.0,8.77
1366,0.853,69,0,100,31,10.0,8.53
1367,0.851,72,0,100,28,10.0,8.51
1368,0.873,76,0,100,24,10.0,8.73
1369,0.766,78,0,100,22,10.0,7.66
1370,0.747,80,0,100,20,10.0,7.47
1371,0.731,81,0,100,19,10.0,7.31
1372,0.777,81,0,100,19,10.0,7.77
1373,0.751,74,0,100,26,10.0,7.51
1374,0.707,78,0,100,22,10.0,7.07
1375,0.76,78,0,100,22,10.0,7.6
1376,0.846,75,0,100,25,10.0,8.46
1377,0.741,79,0,100,21,10.0,7.41
1378,0.78,73,0,100,27,10.0,7.8
1379,0.818,78,0,100,22,10.0,8.18
1380,0.73,77,0,100,23,10.0,7.3
1381,0.78,78,0,100,22,10.0,7.8
1382,0.797,75,0,100,25,10.0,7.97
1383,0.869,81,0,100,19,10.0,8.69
1384,0.75,80,0,100,20,10.0,7.5
1385,0.804,81,0,100,19,10.0,8.04
1386,0.843,76,0,100,24,10.0,8.43
1387,0.826,73,0,100,27,10.0,8.26
1388,0.767,79,0,100,21,10.0,7.67
1389,0.734,80,0,100,20,10.0,7.34
1390,0.789,76,0,100,24,10.0,7.89
1391,0.857,76,0,100,24,10.0,8.57
1392,0.766,73,0,100,27,10.0,7.66
1393,0.841,71,0,100,29,10.0,8.41
1394,0.853,71,0,100,29,10.0,8.53
1395,0.862,78,0,100,22,10.0,8.62
1396,0.886,69,0,100,31,10.0,8.86
1397,0.716,84,0,100,16,10.0,7.16
1398,0.763,73,0,100,27,10.0,7.63
1399,0.842,73,0,100,27,10.0,8.42
1400,0.74,82,0,100,18,10.0,7.4
1401,0.844,74,0,100,26,10.0,8.44
1402,0.788,76,0,100,24,10.0,7.88
1403,0.767,77,0,100,23,10.0,7.67
1404,0.765,77,0,100,23,10.0,7.65
1405,0.734,76,0,100,24,10.0,7.34
1406,0.745,80,0,100,20,10.0,7.45
1407,0.806,77,0,100,23,10.0,8.06
1408,0.804,78,0,100,22,10.0,8.04
1409,0.805,77,0,100,23,10.0,8.05
1410,0.817,72,0,100,28,10.0,8.17
1411,0.756,81,0,100,19,10.0,7.56
1412,0.786,79,0,100,21,10.0,7.86
1413,0.831,77,0,100,23,10.0,8.31
1414,0.742,70,0,100,30,10.0,7.42
1415,0.726,82,0,100,18,10.0,7.26
1416,0.801,75,0,100,25,10.0,8.01
1417,0.801,76,0,100,24,10.0,8.01
1418,0.786,77,0,100,23,10.0,7.86
1419,0.766,76,0,100,24,10.0,7.66
1420,0.771,71,0,100,29,10.0,7.71
1421,0.827,75,0,100,25,10.0,8.27
1422,0.858,69,0,100,31,10.0,8.58
1423,0.706,81,0,100,19,10.0,7.06
1424,0.693,74,0,100,26,10.0,6.93
1425,0.827,77,0,100,23,10.0,8.27
1426,0.803,79,0,100,21,10.0,8.03
1427,0.816,74,0,100,26,10.0,8.16
1428,0.794,74,0,100,26,10.0,7.94
1429,0.804,79,0,100,21,10.0,8.04
1430,0.862,79,0,100,21,10.0,8.62
1431,0.85,71,0,100,29,10.0,8.5
1432,0.86,70,0,100,30,10.0,8.6
1433,0.785,78,0,100,22,10.0,7.85
1434,0.868,79,0,100,21,10.0,8.68
1435,0.852,77,0,100,23,10.0,8.52
1436,0.759,75,0,100,25,10.0,7.59
1437,0.754,77,0,100,23,10.0,7.54
1438,0.805,75,0,100,25,10.0,8.05
1439,0.836,76,0,100,24,10.0,8.36
1440,0.724,84,0,100,16,10.0,7.24
1441,0.778,73,0,100,27,10.0,7.78
1442,0.841,78,0,100,22,10.0,8.41
1443,0.784,82,0,100,18,10.0,7.84
1444,0.792,76,0,100,24,10.0,7.92
1445,0.865,73,0,100,27,10.0,8.65
1446,0.799,81,0,100,19,10.0,7.99
1447,0.866,76,0,100,24,10.0,8.66
1448,0.864,80,0,100,20,10.0,8.64
1449,0.75,77,0,100,23,10.0,7.5
1450,0.812,74,0,100,26,10.0,8.12
1451,0.897,74,0,100,26,10.0,8.97
1452,0.75,77,0,100,23,10.0,7.5
1453,0.838,73,0,100,27,10.0,8.38
1454,0.814,73,0,100,27,10.0,8.14
1455,0.81,78,0,100,22,10.0,8.1
1456,0.846,72,0,100,28,10.0,8.46
1457,0.817,78,0,100,22,10.0,8.17
1458,0.738,78,0,100,22,10.0,7.38
1459,0.812,74,0,100,26,10.0,8.12
1460,0.869,78,0,100,22,10.0,8.69
1461,0.828,78,0,100,22,10.0,8.28
1462,0.793,74,0,100,26,10.0,7.93
1463,0.753,78,0,100,22,10.0,7.53
1464,0.841,77,0,100,23,10.0,8.41
1465,0.81,71,0,100,29,10.0,8.1
1466,0.841,73,0,100,27,10.0,8.41
1467,0.725,78,0,100,22,10.0,7.25
1468,0.718,77,0,100,23,10.0,7.18
1469,0.789,80,0,100,20,10.0,7.89
1470,0.844,75,0,100,25,10.0,8.44
1471,0.742,84,0,100,16,10.0,7.42
1472,0.842,76,0,100,24,10.0,8.42
1473,0.796,78,0,100,22,10.0,7.96
1474,0.82,73,0,100,27,10.0,8.2
1475,0.811,75,0,100,25,10.0,8.11
1476,0.798,82,0,100,18,10.0,7.98
1477,0.805,70,0,100,30,10.0,8.05
1478,0.75,80,0,100,20,10.0,7.5
1479,0.834,77,0,100,23,10.0,8.34
1480,0.824,78,0,100,22,10.0,8.24
1481,0.795,77,0,100,23,10.0,7.95
1482,0.754,79,0,100,21,10.0,7.54
1483,0.801,74,0,100,26,10.0,8.01
1484,0.811,77,0,100,23,10.0,8.11
1485,0.771,72,0,100,28,10.0,7.71
1486,0.839,72,0,100,28,10.0,8.39
1487,0.803,81,0,100,19,10.0,8.03
1488,0.797,78,0,100,22,10.0,7.97
1489,0.84,71,0,100,29,10.0,8.4
1490,0.794,80,0,100,20,10.0,7.94
1491,0.736,80,0,100,20,10.0,7.36
1492,0.824,73,0,100,27,10.0,8.24
1493,0.773,79,0,100,21,10.0,7.73
1494,0.709,87,0,100,13,10.0,7.09
1495,0.84,73,0,100,27,10.0,8.4
1496,0.704,78,0,100,22,10.0,7.04
1497,0.798,74,0,100,26,10.0,7.98
1498,0.795,78,0,100,22,10.0,7.95
1499,0.781,74,0,100,26,10.0,7.81
1500,0.779,80,0,100,20,10.0,7.79
1501,0.906,69,0,100,31,10.0,9.06
1502,0.744,78,0,100,22,10.0,7.44
1503,0.707,78,0,100,22,10.0,7.07
1504,0.817,75,0,100,25,10.0,8.17
1505,0.778,76,0,100,24,10.0,7.78
1506,0.814,72,0,100,28,10.0,8.14
1507,0.891,76,0,100,24,10.0,8.91
1508,0.793,78,0,100,22,10.0,7.93
1509,0.829,83,0,100,17,10.0,8.29
1510,0.79,76,0,100,24,10.0,7.9
1511,0.804,81,0,100,19,10.0,8.04
1512,0.906,76,0,100,24,10.0,9.06
1513,0.815,74,0,100,26,10.0,8.15
1514,0.773,74,0,100,26,10.0,7.73
1515,0.896,66,0,100,34,10.0,8.96
1516,0.851,76,0,100,24,10.0,8.51
1517,0.797,76,0,100,24,10.0,7.97
1518,0.798,74,0,100,26,10.0,7.98
1519,0.817,75,0,100,25,10.0,8.17
1520,0.747,81,0,100,19,10.0,7.47
1521,0.884,71,0,100,29,10.0,8.84
1522,0.789,73,0,100,27,10.0,7.89
1523,0.766,77,0,100,23,10.0,7.66
1524,0.839,76,0,100,24,10.0,8.39
1525,0.795,79,0,100,21,10.0,7.95
1526,0.867,78,0,100,22,10.0,8.67
1527,0.805,81,0,100,19,10.0,8.05
1528,0.791,75,0,100,25,10.0,7.91
1529,0.794,78,0,100,22,10.0,7.94
1530,0.844,77,0,100,23,10.0,8.44
1531,0.843,83,0,100,17,10.0,8.43
1532,0.893,73,0,100,27,10.0,8.93
1533,0.866,74,0,100,26,10.0,8.66
1534,0.74,78,0,100,22,10.0,7.4
1535,0.803,74,0,100,26,10.0,8.03
1536,0.758,79,0,100,21,10.0,7.58
1537,0.78,81,0,100,19,10.0,7.8
1538,0.824,74,0,100,26,10.0,8.24
1539,0.685,80,0,100,20,10.0,6.85
1540,0.774,79,0,100,21,10.0,7.74
1541,0.89,74,0,100,26,10.0,8.9
1542,0.797,73,0,100,27,10.0,7.97
1543,0.772,82,0,100,18,10.0,7.72
1544,0.703,81,0,100,19,10.0,7.03
1545,0.839,76,0,100,24,10.0,8.39
1546,0.916,78,0,100,22,10.0,9.16
1547,0.776,78,0,100,22,10.0,7.76
1548,0.803,72,0,100,28,10.0,8.03
1549,0.875,79,0,100,21,10.0,8.75
1550,0.82,78,0,100,22,10.0,8.2
1551,0.777,74,0,100,26,10.0,7.77
1552,0.809,73,0,100,27,10.0,8.09
1553,0.789,77,0,100,23,10.0,7.89
1554,0.856,70,0,100,30,10.0,8.56
1555,0.744,77,0,100,23,10.0,7.44
1556,0.717,80,0,100,20,10.0,7.17
1557,0.844,78,0,100,22,10.0,8.44
1558,0.8,78,0,100,22,10.0,8.0
1559,0.823,81,0,100,19,10.0,8.23
1560,0.848,74,0,100,26,10.0,8.48
1561,0.818,77,0,100,23,10.0,8.18
1562,0.741,73,0,100,27,10.0,7.41
1563,0.798,78,0,100,22,10.0,7.98
1564,0.856,77,0,100,23,10.0,8.56
1565,0.826,74,0,100,26,10.0,8.26
1566,0.743,80,0,100,20,10.0,7.43
1567,0.863,77,0,100,23,10.0,8.63
1568,0.858,76,0,100,24,10.0,8.58
1569,0.755,78,0,100,22,10.0,7.55
1570,0.727,79,0,100,21,10.0,7.27
1571,0.795,75,0,100,25,10.0,7.95
1572,0.694,68,0,100,32,10.0,6.94
1573,0.787,77,0,100,23,10.0,7.87
1574,0.834,75,0,100,25,10.0,8.34
1575,0.823,70,0,100,30,10.0,8.23
1576,0.792,77,0,100,23,10.0,7.92
1577,0.883,78,0,100,22,10.0,8.83
1578,0.789,76,0,100,24,10.0,7.89
1579,0.743,78,0,100,22,10.0,7.43
1580,0.818,70,0,100,30,10.0,8.18
1581,0.841,78,0,100,22,10.0,8.41
1582,0.877,68,0,100,32,10.0,8.77
1583,0.768,80,0,100,20,10.0,7.68
1584,0.803,79,0,100,21,10.0,8.03
1585,0.78,83,0,100,17,10.0,7.8
1586,0.802,77,0,100,23,10.0,8.02
1587,0.852,74,0,100,26,10.0,8.52
1588,0.81,75,0,100,25,10.0,8.1
1589,0.786,80,0,100,20,10.0,7.86
1590,0.754,79,0,100,21,10.0,7.54
1591,0.725,76,0,100,24,10.0,7.25
1592,0.718,75,0,100,25,10.0,7.18
1593,0.8,75,0,100,25,10.0,8.0
1594,0.873,71,0,100,29,10.0,8.73
1595,0.771,77,0,100,23,10.0,7.71
1596,0.686,83,0,100,17,10.0,6.86
1597,0.802,75,0,100,25,10.0,8.02
1598,0.876,76,0,100,24,10.0,8.76
1599,0.835,74,0,100,26,10.0,8.35
1600,0.701,80,0,100,20,10.0,7.01
1601,0.758,76,0,100,24,10.0,7.58
1602,0.765,76,0,100,24,10.0,7.65
1603,0.724,80,0,100,20,10.0,7.24
1604,0.901,74,0,100,26,10.0,9.01
1605,0.763,77,0,100,23,10.0,7.63
1606,0.777,79,0,100,21,10.0,7.77
1607,0.809,73,0,100,27,10.0,8.09
1608,0.747,78,0,100,22,10.0,7.47
1609,0.83,74,0,100,26,10.0,8.3
1610,0.785,75,0,100,25,10.0,7.85
1611,0.83,74,0,100,26,10.0,8.3
1612,0.838,83,0,100,17,10.0,8.38
1613,0.82,73,0,100,27,10.0,8.2
1614,0.837,70,0,100,30,10.0,8.37
1615,0.831,76,0,100,24,10.0,8.31
1616,0.763,76,0,100,24,10.0,7.63
1617,0.709,83,0,100,17,10.0,7.09
1618,0.811,78,0,100,22,10.0,8.11
1619,0.86,79,0,100,21,10.0,8.6
1620,0.77,81,0,100,19,10.0,7.7
1621,0.797,78,0,100,22,10.0,7.97
1622,0.869,81,0,100,19,10.0,8.69
1623,0.764,77,0,100,23,10.0,7.64
1624,0.779,76,0,100,24,10.0,7.79
1625,0.726,76,0,100,24,10.0,7.26
1626,0.794,75,0,100,25,10.0,7.94
1627,0.812,76,0,100,24,10.0,8.12
1628,0.825,76,0,100,24,10.0,8.25
1629,0.699,78,0,100,22,10.0,6.99
1630,0.762,82,0,100,18,10.0,7.62
1631,0.848,73,0,100,27,10.0,8.48
1632,0.798,78,0,100,22,10.0,7.98
1633,0.913,77,0,100,23,10.0,9.13
1634,0.782,72,0,100,28,10.0,7.82
1635,0.813,73,0,100,27,10.0,8.13
1636,0.711,83,0,100,17,10.0,7.11
1637,0.809,77,0,100,23,10.0,8.09
1638,0.8,76,0,100,24,10.0,8.0
1639,0.698,77,0,100,23,10.0,6.98
1640,0.796,76,0,100,24,10.0,7.96
1641,0.857,79,0,100,21,10.0,8.57
1642,0.817,76,0,100,24,10.0,8.17
1643,0.838,77,0,100,23,10.0,8.38
1644,0.819,76,0,100,24,10.0,8.19
1645,0.71,74,0,100,26,10.0,7.1
1646,0.773,80,0,100,20,10.0,7.73
1647,0.777,80,0,100,20,10.0,7.77
1648,0.821,73,0,100,27,10.0,8.21
1649,0.866,79,0,100,21,10.0,8.66
1650,0.744,77,0,100,23,10.0,7.44
1651,0.772,81,0,100,19,10.0,7.72
1652,0.829,75,0,100,25,10.0,8.29
1653,0.818,74,0,100,26,10.0,8.18
1654,0.704,81,0,100,19,10.0,7.04
1655,0.764,75,0,100,25,10.0,7.64
1656,0.713,79,0,100,21,10.0,7.13
1657,0.821,75,0,100,25,10.0,8.21
1658,0.854,74,0,100,26,10.0,8.54
1659,0.872,76,0,100,24,10.0,8.72
1660,0.845,74,0,100,26,10.0,8.45
1661,0.813,74,0,100,26,10.0,8.13
1662,0.835,76,0,100,24,10.0,8.35
1663,0.785,80,0,100,20,10.0,7.85
1664,0.785,79,0,100,21,10.0,7.85
1665,0.747,80,0,100,20,10.0,7.47
1666,0.733,78,0,100,22,10.0,7.33
1667,0.845,76,0,100,24,10.0,8.45
1668,0.775,78,0,100,22,10.0,7.75
1669,0.716,72,0,100,28,10.0,7.16
1670,0.731,77,0,100,23,10.0,7.31
1671,0.747,76,0,100,24,10.0,7.47
1672,0.83,74,0,100,26,10.0,8.3
1673,0.768,78,0,100,22,10.0,7.68
1674,0.776,77,0,100,23,10.0,7.76
1675,0.747,84,0,100,16,10.0,7.47
1676,0.744,79,0,100,21,10.0,7.44
1677,0.763,74,0,100,26,10.0,7.63
1678,0.843,79,0,100,21,10.0,8.43
1679,0.685,83,0,100,17,10.0,6.85
1680,0.81,73,0,100,27,10.0,8.1
1681,0.761,77,0,100,23,10.0,7.61
1682,0.758,78,0,100,22,10.0,7.58
1683,0.751,78,0,100,22,10.0,7.51
1684,0.801,77,0,100,23,10.0,8.01
1685,0.775,78,0,100,22,10.0,7.75
1686,0.899,72,0,100,28,10.0,8.99
1687,0.706,81,0,100,19,10.0,7.06
1688,0.77,76,0,100,24,10.0,7.7
1689,0.876,68,0,100,32,10.0,8.76
1690,0.785,77,0,100,23,10.0,7.85
1691,0.782,74,0,100,26,10.0,7.82
1692,0.876,73,0,100,27,10.0,8.76
1693,0.756,77,0,100,23,10.0,7.56
1694,0.749,75,0,100,25,10.0,7.49
1695,0.838,83,0,100,17,10.0,8.38
1696,0.725,82,0,100,18,10.0,7.25
1697,0.869,74,0,100,26,10.0,8.69
1698,0.774,76,0,100,24,10.0,7.74
1699,0.793,81,0,100,19,10.0,7.93
1700,0.725,79,0,100,21,10.0,7.25
1701,0.835,77,0,100,23,10.0,8.35
1702,0.892,78,0,100,22,10.0,8.92
1703,0.778,79,0,100,21,10.0,7.78
1704,0.756,79,0,100,21,10.0,7.56
1705,0.76,76,0,100,24,10.0,7.6
1706,0.918,70,0,100,30,10.0,9.18
1707,0.822,75,0,100,25,10.0,8.22
1708,0.787,70,0,100,30,10.0,7.87
1709,0.863,80,0,100,20,10.0,8.63
1710,0.788,81,0,100,19,10.0,7.88
1711,0.866,79,0,100,21,10.0,8.66
1712,0.813,78,0,100,22,10.0,8.13
1713,0.782,71,0,100,29,10.0,7.82
1714,0.728,76,0,100,24,10.0,7.28
1715,0.829,79,0,100,21,10.0,8.29
1716,0.841,76,0,100,24,10.0,8.41
1717,0.772,78,0,100,22,10.0,7.72
1718,0.766,77,0,100,23,10.0,7.66
1719,0.682,75,0,100,25,10.0,6.82
1720,0.78,79,0,100,21,10.0,7.8
1721,0.823,72,0,100,28,10.0,8.23
1722,0.696,76,0,100,24,10.0,6.96
1723,0.795,79,0,100,21,10.0,7.95
1724,0.735,75,0,100,25,10.0,7.35
1725,0.804,75,0,100,25,10.0,8.04
1726,0.859,71,0,100,29,10.0,8.59
1727,0.871,73,0,100,27,10.0,8.71
1728,0.872,78,0,100,22,10.0,8.72
1729,0.863,70,0,100,30,10.0,8.63
1730,0.866,70,0,100,30,10.0,8.66
1731,0.813,74,0,100,26,10.0,8.13
1732,0.795,78,0,100,22,10.0,7.95
1733,0.778,78,0,100,22,10.0,7.78
1734,0.748,74,0,100,26,10.0,7.48
1735,0.783,74,0,100,26,10.0,7.83
1736,0.756,75,0,100,25,10.0,7.56
1737,0.735,77,0,100,23,10.0,7.35
1738,0.741,77,0,100,23,10.0,7.41
1739,0.787,75,0,100,25,10.0,7.87
1740,0.768,72,0,100,28,10.0,7.68
1741,0.783,75,0,100,25,10.0,7.83
1742,0.874,72,0,100,28,10.0,8.74
1743,0.812,80,0,100,20,10.0,8.12
1744,0.732,76,0,100,24,10.0,7.32
1745,0.745,77,0,100,23,10.0,7.45
1746,0.853,76,0,100,24,10.0,8.53
1747,0.692,74,0,100,26,10.0,6.92
1748,0.77,73,0,100,27,10.0,7.7
1749,0.83,75,0,100,25,10.0,8.3
1750,0.779,80,0,100,20,10.0,7.79
1751,0.7,81,0,100,19,10.0,7.0
1752,0.701,77,0,100,23,10.0,7.01
1753,0.735,79,0,100,21,10.0,7.35
1754,0.749,74,0,100,26,10.0,7.49
1755,0.73,78,0,100,22,10.0,7.3
1756,0.866,80,0,100,20,10.0,8.66
1757,0.768,74,0,100,26,10.0,7.68
1758,0.84,78,0,100,22,10.0,8.4
1759,0.764,77,0,100,23,10.0,7.64
1760,0.794,76,0,100,24,10.0,7.94
1761,0.798,72,0,100,28,10.0,7.98
1762,0.753,80,0,100,20,10.0,7.53
1763,0.73,79,0,100,21,10.0,7.3
1764,0.802,74,0,100,26,10.0,8.02
1765,0.804,79,0,100,21,10.0,8.04
1766,0.728,77,0,100,23,10.0,7.28
1767,0.726,73,0,100,27,10.0,7.26
1768,0.809,78,0,100,22,10.0,8.09
1769,0.8,79,0,100,21,10.0,8.0
1770,0.772,77,0,100,23,10.0,7.72
1771,0.866,75,0,100,25,10.0,8.66
1772,0.884,78,0,100,22,10.0,8.84
1773,0.844,76,0,100,24,10.0,8.44
1774,0.912,72,0,100,28,10.0,9.12
1775,0.821,76,0,100,24,10.0,8.21
1776,0.857,72,0,100,28,10.0,8.57
1777,0.866,71,0,100,29,10.0,8.66
1778,0.828,72,0,100,28,10.0,8.28
1779,0.83,76,0,100,24,10.0,8.3
1780,0.788,79,0,100,21,10.0,7.88
1781,0.781,77,0,100,23,10.0,7.81
1782,0.779,76,0,100,24,10.0,7.79
1783,0.686,77,0,100,23,10.0,6.86
1784,0.901,79,0,100,21,10.0,9.01
1785,0.725,84,0,100,16,10.0,7.25
1786,0.76,80,0,100,20,10.0,7.6
1787,0.82,77,0,100,23,10.0,8.2
1788,0.743,76,0,100,24,10.0,7.43
1789,0.788,79,0,100,21,10.0,7.88
1790,0.83,79,0,100,21,10.0,8.3
1791,0.744,80,0,100,20,10.0,7.44
1792,0.809,79,0,100,21,10.0,8.09
1793,0.832,77,0,100,23,10.0,8.32
1794,0.864,79,0,100,21,10.0,8.64
1795,0.785,76,0,100,24,10.0,7.85
1796,0.688,82,0,100,18,10.0,6.88
1797,0.743,80,0,100,20,10.0,7.43
1798,0.742,76,0,100,24,10.0,7.42
1799,0.802,75,0,100,25,10.0,8.02
1800,0.853,73,0,100,27,10.0,8.53
1801,0.885,69,0,100,31,10.0,8.85
1802,0.774,77,0,100,23,10.0,7.74
1803,0.764,81,0,100,19,10.0,7.64
1804,0.811,71,0,100,29,10.0,8.11
1805,0.825,78,0,100,22,10.0,8.25
1806,0.767,77,0,100,23,10.0,7.67
1807,0.854,72,0,100,28,10.0,8.54
1808,0.865,76,0,100,24,10.0,8.65
1809,0.783,74,0,100,26,10.0,7.83
1810,0.797,77,0,100,23,10.0,7.97
1811,0.818,75,0,100,25,10.0,8.18
1812,0.722,79,0,100,21,10.0,7.22
1813,0.781,81,0,100,19,10.0,7.81
1814,0.753,76,0,100,24,10.0,7.53
1815,0.825,76,0,100,24,10.0,8.25
1816,0.807,69,0,100,31,10.0,8.07
1817,0.804,76,0,100,24,10.0,8.04
1818,0.81,70,0,100,30,10.0,8.1
1819,0.829,77,0,100,23,10.0,8.29
1820,0.765,74,0,100,26,10.0,7.65
1821,0.75,79,0,100,21,10.0,7.5
1822,0.817,76,0,100,24,10.0,8.17
1823,0.804,78,0,100,22,10.0,8.04
1824,0.828,77,0,100,23,10.0,8.28
1825,0.828,76,0,100,24,10.0,8.28
1826,0.906,73,0,100,27,10.0,9.06
1827,0.761,77,0,100,23,10.0,7.61
1828,0.812,78,0,100,22,10.0,8.12
1829,0.853,74,0,100,26,10.0,8.53
1830,0.852,75,0,100,25,10.0,8.52
1831,0.798,78,0,100,22,10.0,7.98
1832,0.885,78,0,100,22,10.0,8.85
1833,0.863,77,0,100,23,10.0,8.63
1834,0.711,80,0,100,20,10.0,7.11
1835,0.658,80,0,100,20,10.0,6.58
1836,0.836,74,0,100,26,10.0,8.36
1837,0.775,75,0,100,25,10.0,7.75
1838,0.851,72,0,100,28,10.0,8.51
1839,0.861,74,0,100,26,10.0,8.61
1840,0.785,74,0,100,26,10.0,7.85
1841,0.82,78,0,100,22,10.0,8.2
1842,0.708,81,0,100,19,10.0,7.08
1843,0.811,80,0,100,20,10.0,8.11
1844,0.786,77,0,100,23,10.0,7.86
1845,0.715,80,0,100,20,10.0,7.15
1846,0.789,80,0,100,20,10.0,7.89
1847,0.813,74,0,100,26,10.0,8.13
1848,0.765,76,0,100,24,10.0,7.65
1849,0.75,77,0,100,23,10.0,7.5
1850,0.806,83,0,100,17,10.0,8.06
1851,0.822,79,0,100,21,10.0,8.22
1852,0.821,77,0,100,23,10.0,8.21
1853,0.767,77,0,100,23,10.0,7.67
1854,0.761,75,0,100,25,10.0,7.61
1855,0.694,81,0,100,19,10.0,6.94
1856,0.829,79,0,100,21,10.0,8.29
1857,0.807,74,0,100,26,10.0,8.07
1858,0.746,79,0,100,21,10.0,7.46
1859,0.743,84,0,100,16,10.0,7.43
1860,0.798,73,0,100,27,10.0,7.98
1861,0.804,73,0,100,27,10.0,8.04
1862,0.801,75,0,100,25,10.0,8.01
1863,0.838,79,0,100,21,10.0,8.38
1864,0.757,78,0,100,22,10.0,7.57
1865,0.815,76,0,100,24,10.0,8.15
1866,0.822,70,0,100,30,10.0,8.22
1867,0.792,77,0,100,23,10.0,7.92
1868,0.754,80,0,100,20,10.0,7.54
1869,0.796,75,0,100,25,10.0,7.96
1870,0.787,77,0,100,23,10.0,7.87
1871,0.864,77,0,100,23,10.0,8.64
1872,0.76,76,0,100,24,10.0,7.6
1873,0.745,80,0,100,20,10.0,7.45
1874,0.759,77,0,100,23,10.0,7.59
1875,0.765,69,0,100,31,10.0,7.65
1876,0.826,77,0,100,23,10.0,8.26
1877,0.749,72,0,100,28,10.0,7.49
1878,0.823,78,0,100,22,10.0,8.23
1879,0.824,73,0,100,27,10.0,8.24
1880,0.825,78,0,100,22,10.0,8.25
1881,0.739,83,0,100,17,10.0,7.39
1882,0.841,82,0,100,18,10.0,8.41
1883,0.858,76,0,100,24,10.0,8.58
1884,0.818,77,0,100,23,10.0,8.18
1885,0.709,77,0,100,23,10.0,7.09
1886,0.794,69,0,100,31,10.0,7.94
1887,0.815,82,0,100,18,10.0,8.15
1888,0.838,75,0,100,25,10.0,8.38
1889,0.827,83,0,100,17,10.0,8.27
1890,0.823,77,0,100,23,10.0,8.23
1891,0.854,71,0,100,29,10.0,8.54
1892,0.834,75,0,100,25,10.0,8.34
1893,0.813,69,0,100,31,10.0,8.13
1894,0.782,79,0,100,21,10.0,7.82
1895,0.79,80,0,100,20,10.0,7.9
1896,0.813,78,0,100,22,10.0,8.13
1897,0.754,77,0,100,23,10.0,7.54
1898,0.764,74,0,100,26,10.0,7.64
1899,0.752,79,0,100,21,10.0,7.52
1900,0.776,75,0,100,25,10.0,7.76
1901,0.811,78,0,100,22,10.0,8.11
1902,0.86,71,0,100,29,10.0,8.6
1903,0.731,77,0,100,23,10.0,7.31
1904,0.737,79,0,100,21,10.0,7.37
1905,0.766,76,0,100,24,10.0,7.66
1906,0.76,74,0,100,26,10.0,7.6
1907,0.777,76,0,100,24,10.0,7.77
1908,0.821,78,0,100,22,10.0,8.21
1909,0.807,73,0,100,27,10.0,8.07
1910,0.81,77,0,100,23,10.0,8.1
1911,0.773,80,0,100,20,10.0,7.73
1912,0.739,79,0,100,21,10.0,7.39
1913,0.846,70,0,100,30,10.0,8.46
1914,0.777,78,0,100,22,10.0,7.77
1915,0.844,76,0,100,24,10.0,8.44
1916,0.742,82,0,100,18,10.0,7.42
1917,0.812,78,0,100,22,10.0,8.12
1918,0.761,74,0,100,26,10.0,7.61
1919,0.724,81,0,100,19,10.0,7.24
1920,0.807,77,0,100,23,10.0,8.07
1921,0.748,80,0,100,20,10.0,7.48
1922,0.767,80,0,100,20,10.0,7.67
1923,0.85,74,0,100,26,10.0,8.5
1924,0.867,74,0,100,26,10.0,8.67
1925,0.769,75,0,100,25,10.0,7.69
1926,0.751,78,0,100,22,10.0,7.51
1927,0.858,75,0,100,25,10.0,8.58
1928,0.8,80,0,100,20,10.0,8.0
1929,0.723,81,0,100,19,10.0,7.23
1930,0.694,82,0,100,18,10.0,6.94
1931,0.691,85,0,100,15,10.0,6.91
1932,0.749,78,0,100,22,10.0,7.49
1933,0.808,79,0,100,21,10.0,8.08
1934,0.88,76,0,100,24,10.0,8.8
1935,0.745,75,0,100,25,10.0,7.45
1936,0.847,73,0,100,27,10.0,8.47
1937,0.861,72,0,100,28,10.0,8.61
1938,0.787,79,0,100,21,10.0,7.87
1939,0.849,77,0,100,23,10.0,8.49
1940,0.806,79,0,100,21,10.0,8.06
1941,0.76,74,0,100,26,10.0,7.6
1942,0.626,79,0,100,21,10.0,6.26
1943,0.776,73,0,100,27,10.0,7.76
1944,0.821,77,0,100,23,10.0,8.21
1945,0.831,71,0,100,29,10.0,8.31
1946,0.755,82,0,100,18,10.0,7.55
1947,0.839,78,0,100,22,10.0,8.39
1948,0.831,76,0,100,24,10.0,8.31
1949,0.706,81,0,100,19,10.0,7.06
1950,0.815,70,0,100,30,10.0,8.15
1951,0.69,79,0,100,21,10.0,6.9
1952,0.862,75,0,100,25,10.0,8.62
1953,0.814,77,0,100,23,10.0,8.14
1954,0.898,76,0,100,24,10.0,8.98
1955,0.913,73,0,100,27,10.0,9.13
1956,0.775,75,0,100,25,10.0,7.75
1957,0.734,81,0,100,19,10.0,7.34
1958,0.705,75,0,100,25,10.0,7.05
1959,0.684,78,0,100,22,10.0,6.84
1960,0.743,78,0,100,22,10.0,7.43
1961,0.771,71,0,100,29,10.0,7.71
1962,0.848,78,0,100,22,10.0,8.48
1963,0.779,71,0,100,29,10.0,7.79
1964,0.752,80,0,100,20,10.0,7.52
1965,0.825,73,0,100,27,10.0,8.25
1966,0.873,77,0,100,23,10.0,8.73
1967,0.837,78,0,100,22,10.0,8.37
1968,0.872,75,0,100,25,10.0,8.72
1969,0.739,78,0,100,22,10.0,7.39
1970,0.848,74,0,100,26,10.0,8.48
1971,0.826,73,0,100,27,10.0,8.26
1972,0.765,80,0,100,20,10.0,7.65
1973,0.78,78,0,100,22,10.0,7.8
1974,0.791,67,0,100,33,10.0,7.91
1975,0.794,78,0,100,22,10.0,7.94
1976,0.858,78,0,100,22,10.0,8.58
1977,0.74,79,0,100,21,10.0,7.4
1978,0.802,72,0,100,28,10.0,8.02
1979,0.746,75,0,100,25,10.0,7.46
1980,0.825,75,0,100,25,10.0,8.25
1981,0.855,75,0,100,25,10.0,8.55
1982,0.813,73,0,100,27,10.0,8.13
1983,0.759,83,0,100,17,10.0,7.59
1984,0.882,73,0,100,27,10.0,8.82
1985,0.811,75,0,100,25,10.0,8.11
1986,0.735,80,0,100,20,10.0,7.35
1987,0.835,77,0,100,23,10.0,8.35
1988,0.796,77,0,100,23,10.0,7.96
1989,0.818,72,0,100,28,10.0,8.18
1990,0.809,76,0,100,24,10.0,8.09
1991,0.718,83,0,100,17,10.0,7.18
1992,0.826,80,0,100,20,10.0,8.26
1993,0.8,84,0,100,16,10.0,8.0
1994,0.709,80,0,100,20,10.0,7.09
1995,0.782,79,0,100,21,10.0,7.82
1996,0.765,77,0,100,23,10.0,7.65
1997,0.834,76,0,100,24,10.0,8.34
1998,0.782,73,0,100,27,10.0,7.82
1999,0.753,79,0,100,21,10.0,7.53
2000,0.772,81,0,100,19,10.0,7.72
2001,0.831,77,0,100,23,10.0,8.31
2002,0.816,76,0,100,24,10.0,8.16
2003,0.768,75,0,100,25,10.0,7.68
2004,0.867,69,0,100,31,10.0,8.67
2005,0.827,80,0,100,20,10.0,8.27
2006,0.802,75,0,100,25,10.0,8.02
2007,0.823,74,0,100,26,10.0,8.23
2008,0.816,77,0,100,23,10.0,8.16
2009,0.798,73,0,100,27,10.0,7.98
2010,0.825,80,0,100,20,10.0,8.25
2011,0.82,76,0,100,24,10.0,8.2
2012,0.775,78,0,100,22,10.0,7.75
2013,0.714,79,0,100,21,10.0,7.14
2014,0.752,76,0,100,24,10.0,7.52
2015,0.712,81,0,100,19,10.0,7.12
2016,0.861,76,0,100,24,10.0,8.61
2017,0.693,79,0,100,21,10.0,6.93
2018,0.819,74,0,100,26,10.0,8.19
2019,0.762,75,0,100,25,10.0,7.62
2020,0.77,73,0,100,27,10.0,7.7
2021,0.812,76,0,100,24,10.0,8.12
2022,0.795,73,0,100,27,10.0,7.95
2023,0.702,77,0,100,23,10.0,7.02
2024,0.881,71,0,100,29,10.0,8.81
2025,0.758,77,0,100,23,10.0,7.58
2026,0.726,77,0,100,23,10.0,7.26
2027,0.779,81,0,100,19,10.0,7.79
2028,0.902,77,0,100,23,10.0,9.02
2029,0.821,71,0,100,29,10.0,8.21
2030,0.819,73,0,100,27,10.0,8.19
2031,0.81,77,0,100,23,10.0,8.1
2032,0.858,78,0,100,22,10.0,8.58
2033,0.8,73,0,100,27,10.0,8.0
2034,0.77,76,0,100,24,10.0,7.7
2035,0.822,75,0,100,25,10.0,8.22
2036,0.796,75,0,100,25,10.0,7.96
2037,0.737,77,0,100,23,10.0,7.37
2038,0.766,80,0,100,20,10.0,7.66
2039,0.821,73,0,100,27,10.0,8.21
2040,0.773,80,0,100,20,10.0,7.73
2041,0.847,71,0,100,29,10.0,8.47
2042,0.827,76,0,100,24,10.0,8.27
2043,0.874,76,0,100,24,10.0,8.74
2044,0.916,72,0,100,28,10.0,9.16
2045,0.822,82,0,100,18,10.0,8.22
2046,0.811,78,0,100,22,10.0,8.11
2047,0.748,78,0,100,22,10.0,7.48
2048,0.746,77,0,100,23,10.0,7.46
2049,0.768,75,0,100,25,10.0,7.68
2050,0.738,77,0,100,23,10.0,7.38
2051,0.779,79,0,100,21,10.0,7.79
2052,0.675,82,0,100,18,10.0,6.75
2053,0.773,76,0,100,24,10.0,7.73
2054,0.89,74,0,100,26,10.0,8.9
2055,0.791,83,0,100,17,10.0,7.91
2056,0.756,78,0,100,22,10.0,7.56
2057,0.796,75,0,100,25,10.0,7.96
2058,0.802,71,0,100,29,10.0,8.02
2059,0.75,76,0,100,24,10.0,7.5
2060,0.862,72,0,100,28,10.0,8.62
2061,0.846,71,0,100,29,10.0,8.46
2062,0.882,71,0,100,29,10.0,8.82
2063,0.817,77,0,100,23,10.0,8.17
2064,0.892,76,0,100,24,10.0,8.92
2065,0.855,76,0,100,24,10.0,8.55
2066,0.783,74,0,100,26,10.0,7.83
2067,0.838,73,0,100,27,10.0,8.38
2068,0.817,74,0,100,26,10.0,8.17
2069,0.791,82,0,100,18,10.0,7.91
2070,0.727,82,0,100,18,10.0,7.27
2071,0.754,81,0,100,19,10.0,7.54
2072,0.744,82,0,100,18,10.0,7.44
2073,0.771,79,0,100,21,10.0,7.71
2074,0.76,81,0,100,19,10.0,7.6
2075,0.732,75,0,100,25,10.0,7.32
2076,0.807,74,0,100,26,10.0,8.07
2077,0.773,73,0,100,27,10.0,7.73
2078,0.819,75,0,100,25,10.0,8.19
2079,0.91,68,0,100,32,10.0,9.1
2080,0.741,82,0,100,18,10.0,7.41
2081,0.798,78,0,100,22,10.0,7.98
2082,0.833,75,0,100,25,10.0,8.33
2083,0.845,75,0,100,25,10.0,8.45
2084,0.867,78,0,100,22,10.0,8.67
2085,0.845,70,0,100,30,10.0,8.45
2086,0.75,75,0,100,25,10.0,7.5
2087,0.756,73,0,100,27,10.0,7.56
2088,0.731,80,0,100,20,10.0,7.31
2089,0.736,78,0,100,22,10.0,7.36
2090,0.785,77,0,100,23,10.0,7.85
2091,0.809,80,0,100,20,10.0,8.09
2092,0.747,77,0,100,23,10.0,7.47
2093,0.844,76,0,100,24,10.0,8.44
2094,0.848,76,0,100,24,10.0,8.48
2095,0.748,82,0,100,18,10.0,7.48
2096,0.79,77,0,100,23,10.0,7.9
2097,0.789,71,0,100,29,10.0,7.89
2098,0.709,82,0,100,18,10.0,7.09
2099,0.787,74,0,100,26,10.0,7.87
2100,0.712,82,0,100,18,10.0,7.12
